DN_DT,Bevölkerung_2023,Increase_rate,Bevölkerung_2070,coef_a,coef_b
Alb-Donau-Kreis (Landkreis),201769,-90,20177,-7906631.76950629,60389713.27693353
Alb-Donau-Kreis (Landkreis),201769,-80,40354,-7028112.290601226,53702127.08549509
Alb-Donau-Kreis (Landkreis),201769,-70,60531,-6149592.8116961615,47014540.89405666
Alb-Donau-Kreis (Landkreis),201769,-60,80708,-5271073.332791097,40326954.702618234
Alb-Donau-Kreis (Landkreis),201769,-50,100884,-4392597.394525321,33639699.95719217
Alb-Donau-Kreis (Landkreis),201769,-40,121061,-3514077.9156202567,26952113.76575373
Alb-Donau-Kreis (Landkreis),201769,-30,141238,-2635558.4367151926,20264527.5743153
Alb-Donau-Kreis (Landkreis),201769,-20,161415,-1757038.9578101283,13576941.382876866
Alb-Donau-Kreis (Landkreis),201769,-10,181592,-878519.4789050642,6889355.191438433
Alb-Donau-Kreis (Landkreis),201769,0,201769,0.0,201769.0
Alb-Donau-Kreis (Landkreis),201769,10,221946,878519.4789050642,-6485817.191438433
Alb-Donau-Kreis (Landkreis),201769,20,242123,1757038.9578101283,-13173403.382876866
Alb-Donau-Kreis (Landkreis),201769,30,262300,2635558.4367151926,-19860989.5743153
Alb-Donau-Kreis (Landkreis),201769,40,282477,3514077.9156202567,-26548575.76575373
Alb-Donau-Kreis (Landkreis),201769,50,302654,4392597.394525321,-33236161.957192164
Alb-Donau-Kreis (Landkreis),201769,60,322830,5271073.332791097,-39923416.702618234
Alb-Donau-Kreis (Landkreis),201769,70,343007,6149592.8116961615,-46611002.89405666
Alb-Donau-Kreis (Landkreis),201769,80,363184,7028112.290601226,-53298589.08549509
Alb-Donau-Kreis (Landkreis),201769,90,383361,7906631.76950629,-59986175.27693353
Alb-Donau-Kreis (Landkreis),201769,100,403538,8785151.248411354,-66673761.46837196
Baden-Baden (kreisfreie Stadt),56526,-90,5653,-2215042.942475954,16918178.98691814
Baden-Baden (kreisfreie Stadt),56526,-80,11305,-1968951.2492226746,15044846.125045218
Baden-Baden (kreisfreie Stadt),56526,-70,16958,-1722816.0153301074,13171181.817159928
Baden-Baden (kreisfreie Stadt),56526,-60,22610,-1476724.322076828,11297848.955287004
Baden-Baden (kreisfreie Stadt),56526,-50,28263,-1230589.0881842608,9424184.647401717
Baden-Baden (kreisfreie Stadt),56526,-40,33916,-984453.8542916935,7550520.339516427
Baden-Baden (kreisfreie Stadt),56526,-30,39568,-738362.161038414,5677187.477643502
Baden-Baden (kreisfreie Stadt),56526,-20,45221,-492226.92714584677,3803523.1697582137
Baden-Baden (kreisfreie Stadt),56526,-10,50873,-246135.23389256716,1930190.307885288
Baden-Baden (kreisfreie Stadt),56526,0,56526,0.0,56526.0
Baden-Baden (kreisfreie Stadt),56526,10,62179,246135.23389256716,-1817138.307885288
Baden-Baden (kreisfreie Stadt),56526,20,67831,492226.92714584677,-3690471.1697582137
Baden-Baden (kreisfreie Stadt),56526,30,73484,738362.161038414,-5564135.477643502
Baden-Baden (kreisfreie Stadt),56526,40,79136,984453.8542916935,-7437468.339516427
Baden-Baden (kreisfreie Stadt),56526,50,84789,1230589.0881842608,-9311132.647401717
Baden-Baden (kreisfreie Stadt),56526,60,90442,1476724.322076828,-11184796.955287004
Baden-Baden (kreisfreie Stadt),56526,70,96094,1722816.0153301074,-13058129.817159928
Baden-Baden (kreisfreie Stadt),56526,80,101747,1968951.2492226746,-14931794.125045218
Baden-Baden (kreisfreie Stadt),56526,90,107399,2215042.942475954,-16805126.98691814
Baden-Baden (kreisfreie Stadt),56526,100,113052,2461178.1763685215,-18678791.294803433
Biberach (Landkreis),206783,-90,20678,-8103130.67461104,61890543.13072555
Biberach (Landkreis),206783,-80,41357,-7202753.794783622,55036571.04108114
Biberach (Landkreis),206783,-70,62035,-6302420.455595491,48182930.39744908
Biberach (Landkreis),206783,-60,82713,-5402087.116407361,41329289.75381704
Biberach (Landkreis),206783,-50,103392,-4501710.236579942,34475317.66417262
Biberach (Landkreis),206783,-40,124070,-3601376.897391811,27621677.02054057
Biberach (Landkreis),206783,-30,144748,-2701043.5582036804,20768036.37690852
Biberach (Landkreis),206783,-20,165426,-1800710.2190155494,13914395.733276466
Biberach (Landkreis),206783,-10,186105,-900333.3391881309,7060423.643632052
Biberach (Landkreis),206783,0,206783,0.0,206783.0
Biberach (Landkreis),206783,10,227461,900333.3391881309,-6646857.643632052
Biberach (Landkreis),206783,20,248140,1800710.2190155494,-13500829.733276466
Biberach (Landkreis),206783,30,268818,2701043.5582036804,-20354470.37690852
Biberach (Landkreis),206783,40,289496,3601376.897391811,-27208111.02054057
Biberach (Landkreis),206783,50,310174,4501710.236579942,-34061751.66417262
Biberach (Landkreis),206783,60,330853,5402087.116407361,-40915723.75381704
Biberach (Landkreis),206783,70,351531,6302420.455595491,-47769364.39744908
Biberach (Landkreis),206783,80,372209,7202753.794783622,-54623005.04108114
Biberach (Landkreis),206783,90,392888,8103130.67461104,-61476977.13072555
Biberach (Landkreis),206783,100,413566,9003464.013799172,-68330617.7743576
Bodenseekreis (Landkreis),221208,-90,22121,-8668375.253842123,66207800.2632157
Bodenseekreis (Landkreis),221208,-80,44242,-7705212.772162045,58875883.023744546
Bodenseekreis (Landkreis),221208,-70,66362,-6742093.831121256,51544297.23028575
Bodenseekreis (Landkreis),221208,-60,88483,-5778931.349441178,44212379.99081459
Bodenseekreis (Landkreis),221208,-50,110604,-4815768.867761101,36880462.75134344
Bodenseekreis (Landkreis),221208,-40,132725,-3852606.3860810227,29548545.511872273
Bodenseekreis (Landkreis),221208,-30,154846,-2889443.904400945,22216628.272401113
Bodenseekreis (Landkreis),221208,-20,176966,-1926324.963360155,14885042.478942316
Bodenseekreis (Landkreis),221208,-10,199087,-963162.4816800775,7553125.239471158
Bodenseekreis (Landkreis),221208,0,221208,0.0,221208.0
Bodenseekreis (Landkreis),221208,10,243329,963162.4816800775,-7110709.239471158
Bodenseekreis (Landkreis),221208,20,265450,1926324.963360155,-14442626.478942316
Bodenseekreis (Landkreis),221208,30,287570,2889443.904400945,-21774212.272401113
Bodenseekreis (Landkreis),221208,40,309691,3852606.3860810227,-29106129.511872273
Bodenseekreis (Landkreis),221208,50,331812,4815768.867761101,-36438046.75134344
Bodenseekreis (Landkreis),221208,60,353933,5778931.349441178,-43769963.99081459
Bodenseekreis (Landkreis),221208,70,376054,6742093.831121256,-51101881.23028575
Bodenseekreis (Landkreis),221208,80,398174,7705212.772162045,-58433467.023744546
Bodenseekreis (Landkreis),221208,90,420295,8668375.253842123,-65765384.2632157
Bodenseekreis (Landkreis),221208,100,442416,9631537.735522201,-73097301.50268687
Breisgau-Hochschwarzwald (Landkreis),271977,-90,27198,-10657834.144169237,81403000.46008366
Breisgau-Hochschwarzwald (Landkreis),271977,-80,54395,-9473659.377465514,72388663.26186039
Breisgau-Hochschwarzwald (Landkreis),271977,-70,81593,-8289441.070122503,63373994.617624745
Breisgau-Hochschwarzwald (Landkreis),271977,-60,108791,-7105222.762779492,54359325.97338911
Breisgau-Hochschwarzwald (Landkreis),271977,-50,135988,-5921047.996075768,45344988.77516583
Breisgau-Hochschwarzwald (Landkreis),271977,-40,163186,-4736829.688732757,36330320.13093019
Breisgau-Hochschwarzwald (Landkreis),271977,-30,190384,-3552611.381389746,27315651.486694556
Breisgau-Hochschwarzwald (Landkreis),271977,-20,217582,-2368393.0740467347,18300982.842458915
Breisgau-Hochschwarzwald (Landkreis),271977,-10,244779,-1184218.307343011,9286645.644235639
Breisgau-Hochschwarzwald (Landkreis),271977,0,271977,0.0,271977.0
Breisgau-Hochschwarzwald (Landkreis),271977,10,299175,1184218.307343011,-8742691.644235639
Breisgau-Hochschwarzwald (Landkreis),271977,20,326372,2368393.0740467347,-17757028.842458915
Breisgau-Hochschwarzwald (Landkreis),271977,30,353570,3552611.381389746,-26771697.486694556
Breisgau-Hochschwarzwald (Landkreis),271977,40,380768,4736829.688732757,-35786366.13093019
Breisgau-Hochschwarzwald (Landkreis),271977,50,407966,5921047.996075768,-44801034.77516583
Breisgau-Hochschwarzwald (Landkreis),271977,60,435163,7105222.762779492,-53815371.97338911
Breisgau-Hochschwarzwald (Landkreis),271977,70,462361,8289441.070122503,-62830040.617624745
Breisgau-Hochschwarzwald (Landkreis),271977,80,489559,9473659.377465514,-71844709.26186039
Breisgau-Hochschwarzwald (Landkreis),271977,90,516756,10657834.144169237,-80859046.46008366
Breisgau-Hochschwarzwald (Landkreis),271977,100,543954,11842052.45151225,-89873715.1043193
Böblingen (Landkreis),394261,-90,39426,-15449742.741600756,118002906.79665244
Böblingen (Landkreis),394261,-80,78852,-13733109.49704948,104935316.31324798
Böblingen (Landkreis),394261,-70,118278,-12016476.252498208,91867725.82984354
Böblingen (Landkreis),394261,-60,157704,-10299843.007946933,78800135.34643908
Böblingen (Landkreis),394261,-50,197130,-8583209.76339566,65732544.86303463
Böblingen (Landkreis),394261,-40,236557,-6866532.978205097,52664622.93361781
Böblingen (Landkreis),394261,-30,275983,-5149899.733653823,39597032.45021336
Böblingen (Landkreis),394261,-20,315409,-3433266.4891025485,26529441.966808904
Böblingen (Landkreis),394261,-10,354835,-1716633.2445512742,13461851.483404452
Böblingen (Landkreis),394261,0,394261,0.0,394261.0
Böblingen (Landkreis),394261,10,433687,1716633.2445512742,-12673329.483404452
Böblingen (Landkreis),394261,20,473113,3433266.4891025485,-25740919.966808904
Böblingen (Landkreis),394261,30,512539,5149899.733653823,-38808510.45021336
Böblingen (Landkreis),394261,40,551965,6866532.978205097,-51876100.93361781
Böblingen (Landkreis),394261,50,591392,8583209.76339566,-64944022.86303463
Böblingen (Landkreis),394261,60,630818,10299843.007946933,-78011613.34643908
Böblingen (Landkreis),394261,70,670244,12016476.252498208,-91079203.82984354
Böblingen (Landkreis),394261,80,709670,13733109.49704948,-104146794.31324798
Böblingen (Landkreis),394261,90,749096,15449742.741600756,-117214384.79665244
Böblingen (Landkreis),394261,100,788522,17166375.98615203,-130281975.2800569
Calw (Landkreis),161181,-90,16118,-6316135.756971072,48241733.89134328
Calw (Landkreis),161181,-80,32236,-5614347.732934208,42899487.06408429
Calw (Landkreis),161181,-70,48354,-4912559.708897342,37557240.236825295
Calw (Landkreis),161181,-60,64472,-4210771.684860477,32214993.409566306
Calw (Landkreis),161181,-50,80590,-3508983.6608236125,26872746.582307316
Calw (Landkreis),161181,-40,96709,-2807152.09614746,21530168.309035964
Calw (Landkreis),161181,-30,112827,-2105364.0721105947,16187921.481776971
Calw (Landkreis),161181,-20,128945,-1403576.04807373,10845674.654517982
Calw (Landkreis),161181,-10,145063,-701788.024036865,5503427.827258991
Calw (Landkreis),161181,0,161181,0.0,161181.0
Calw (Landkreis),161181,10,177299,701788.024036865,-5181065.827258991
Calw (Landkreis),161181,20,193417,1403576.04807373,-10523312.654517982
Calw (Landkreis),161181,30,209535,2105364.0721105947,-15865559.481776971
Calw (Landkreis),161181,40,225653,2807152.09614746,-21207806.309035964
Calw (Landkreis),161181,50,241772,3508983.6608236125,-26550384.582307316
Calw (Landkreis),161181,60,257890,4210771.684860477,-31892631.409566306
Calw (Landkreis),161181,70,274008,4912559.708897342,-37234878.236825295
Calw (Landkreis),161181,80,290126,5614347.732934208,-42577125.06408429
Calw (Landkreis),161181,90,306244,6316135.756971072,-47919371.89134328
Calw (Landkreis),161181,100,322362,7017923.781007937,-53261618.71860227
Emmendingen (Landkreis),169470,-90,16947,-6640948.926056257,50722610.14356763
Emmendingen (Landkreis),169470,-80,33894,-5903065.712050007,45105594.572060116
Emmendingen (Landkreis),169470,-70,50841,-5165182.498043756,39488579.0005526
Emmendingen (Landkreis),169470,-60,67788,-4427299.284037505,33871563.42904509
Emmendingen (Landkreis),169470,-50,84735,-3689416.070031254,28254547.85753757
Emmendingen (Landkreis),169470,-40,101682,-2951532.8560250034,22637532.286030058
Emmendingen (Landkreis),169470,-30,118629,-2213649.6420187526,17020516.714522544
Emmendingen (Landkreis),169470,-20,135576,-1475766.4280125017,11403501.143015029
Emmendingen (Landkreis),169470,-10,152523,-737883.2140062508,5786485.571507514
Emmendingen (Landkreis),169470,0,169470,0.0,169470.0
Emmendingen (Landkreis),169470,10,186417,737883.2140062508,-5447545.571507514
Emmendingen (Landkreis),169470,20,203364,1475766.4280125017,-11064561.143015029
Emmendingen (Landkreis),169470,30,220311,2213649.6420187526,-16681576.714522544
Emmendingen (Landkreis),169470,40,237258,2951532.8560250034,-22298592.286030058
Emmendingen (Landkreis),169470,50,254205,3689416.070031254,-27915607.85753757
Emmendingen (Landkreis),169470,60,271152,4427299.284037505,-33532623.42904509
Emmendingen (Landkreis),169470,70,288099,5165182.498043756,-39149639.0005526
Emmendingen (Landkreis),169470,80,305046,5903065.712050007,-44766654.572060116
Emmendingen (Landkreis),169470,90,321993,6640948.926056257,-50383670.14356763
Emmendingen (Landkreis),169470,100,338940,7378832.140062508,-56000685.71507514
Enzkreis (Landkreis),199878,-90,19988,-7832525.601438866,59823701.16389253
Enzkreis (Landkreis),199878,-80,39976,-6962235.30335915,53198758.26879061
Enzkreis (Landkreis),199878,-70,59963,-6091988.545918722,46574146.81970105
Enzkreis (Landkreis),199878,-60,79951,-5221698.247839007,39949203.92459914
Enzkreis (Landkreis),199878,-50,99939,-4351407.949759291,33324261.029497225
Enzkreis (Landkreis),199878,-40,119927,-3481117.651679575,26699318.134395305
Enzkreis (Landkreis),199878,-30,139915,-2610827.3535998594,20074375.23929339
Enzkreis (Landkreis),199878,-20,159902,-1740580.5961594314,13449763.790203836
Enzkreis (Landkreis),199878,-10,179890,-870290.2980797157,6824820.895101918
Enzkreis (Landkreis),199878,0,199878,0.0,199878.0
Enzkreis (Landkreis),199878,10,219866,870290.2980797157,-6425064.895101918
Enzkreis (Landkreis),199878,20,239854,1740580.5961594314,-13050007.790203836
Enzkreis (Landkreis),199878,30,259841,2610827.3535998594,-19674619.23929339
Enzkreis (Landkreis),199878,40,279829,3481117.651679575,-26299562.134395305
Enzkreis (Landkreis),199878,50,299817,4351407.949759291,-32924505.029497225
Enzkreis (Landkreis),199878,60,319805,5221698.247839007,-39549447.92459914
Enzkreis (Landkreis),199878,70,339793,6091988.545918722,-46174390.81970105
Enzkreis (Landkreis),199878,80,359780,6962235.30335915,-52799002.26879061
Enzkreis (Landkreis),199878,90,379768,7832525.601438866,-59423945.16389253
Enzkreis (Landkreis),199878,100,399756,8702815.899518581,-66048888.05899445
Esslingen (Landkreis),536027,-90,53603,-21005049.367661033,160433538.06797314
Esslingen (Landkreis),536027,-80,107205,-18671184.020569332,142667368.9133177
Esslingen (Landkreis),536027,-70,160808,-16337275.132838344,124900868.3126499
Esslingen (Landkreis),536027,-60,214411,-14003366.245107356,107134367.7119821
Esslingen (Landkreis),536027,-50,268014,-11669457.357376367,89367867.1113143
Esslingen (Landkreis),536027,-40,321616,-9335592.010284666,71601697.95665886
Esslingen (Landkreis),536027,-30,375219,-7001683.122553678,53835197.35599105
Esslingen (Landkreis),536027,-20,428822,-4667774.23482269,36068696.755323246
Esslingen (Landkreis),536027,-10,482424,-2333908.8877309887,18302527.600667804
Esslingen (Landkreis),536027,0,536027,0.0,536027.0
Esslingen (Landkreis),536027,10,589630,2333908.8877309887,-17230473.600667804
Esslingen (Landkreis),536027,20,643232,4667774.23482269,-34996642.755323246
Esslingen (Landkreis),536027,30,696835,7001683.122553678,-52763143.35599105
Esslingen (Landkreis),536027,40,750438,9335592.010284666,-70529643.95665886
Esslingen (Landkreis),536027,50,804040,11669457.357376367,-88295813.1113143
Esslingen (Landkreis),536027,60,857643,14003366.245107356,-106062313.7119821
Esslingen (Landkreis),536027,70,911246,16337275.132838344,-123828814.3126499
Esslingen (Landkreis),536027,80,964849,18671184.020569332,-141595314.9133177
Esslingen (Landkreis),536027,90,1018451,21005049.367661033,-159361484.06797314
Esslingen (Landkreis),536027,100,1072054,23338958.255392022,-177127984.66864097
Freiburg im Breisgau (kreisfreie Stadt),236236,-90,23624,-9257262.40020635,70705635.5804187
Freiburg im Breisgau (kreisfreie Stadt),236236,-80,47247,-8228701.878316359,62875886.43037904
Freiburg im Breisgau (kreisfreie Stadt),236236,-70,70871,-7200097.815787082,55045805.83432703
Freiburg im Breisgau (kreisfreie Stadt),236236,-60,94494,-6171537.293897091,47216056.68428738
Freiburg im Breisgau (kreisfreie Stadt),236236,-50,118118,-5142933.231367813,39385976.088235356
Freiburg im Breisgau (kreisfreie Stadt),236236,-40,141742,-4114329.168838536,31555895.492183343
Freiburg im Breisgau (kreisfreie Stadt),236236,-30,165365,-3085768.6469485457,23726146.34214369
Freiburg im Breisgau (kreisfreie Stadt),236236,-20,188989,-2057164.584419268,15896065.746091671
Freiburg im Breisgau (kreisfreie Stadt),236236,-10,212612,-1028604.0625292778,8066316.596052016
Freiburg im Breisgau (kreisfreie Stadt),236236,0,236236,0.0,236236.0
Freiburg im Breisgau (kreisfreie Stadt),236236,10,259860,1028604.0625292778,-7593844.596052016
Freiburg im Breisgau (kreisfreie Stadt),236236,20,283483,2057164.584419268,-15423593.746091671
Freiburg im Breisgau (kreisfreie Stadt),236236,30,307107,3085768.6469485457,-23253674.34214369
Freiburg im Breisgau (kreisfreie Stadt),236236,40,330730,4114329.168838536,-31083423.492183343
Freiburg im Breisgau (kreisfreie Stadt),236236,50,354354,5142933.231367813,-38913504.088235356
Freiburg im Breisgau (kreisfreie Stadt),236236,60,377978,6171537.293897091,-46743584.68428738
Freiburg im Breisgau (kreisfreie Stadt),236236,70,401601,7200097.815787082,-54573333.83432703
Freiburg im Breisgau (kreisfreie Stadt),236236,80,425225,8228701.878316359,-62403414.43037904
Freiburg im Breisgau (kreisfreie Stadt),236236,90,448848,9257262.40020635,-70233163.5804187
Freiburg im Breisgau (kreisfreie Stadt),236236,100,472472,10285866.462735627,-78063244.17647071
Freudenstadt (Landkreis),121901,-90,12190,-4776887.076877311,36485174.462303706
Freudenstadt (Landkreis),121901,-80,24380,-4246126.683961974,32444847.571604665
Freudenstadt (Landkreis),121901,-70,36570,-3715366.291046639,28404520.68090563
Freudenstadt (Landkreis),121901,-60,48760,-3184605.898131303,24364193.790206593
Freudenstadt (Landkreis),121901,-50,60950,-2653845.505215967,20323866.899507552
Freudenstadt (Landkreis),121901,-40,73141,-2123041.571661344,16283208.562796153
Freudenstadt (Landkreis),121901,-30,85331,-1592281.1787460076,12242881.672097113
Freudenstadt (Landkreis),121901,-20,97521,-1061520.785830672,8202554.781398077
Freudenstadt (Landkreis),121901,-10,109711,-530760.392915336,4162227.8906990383
Freudenstadt (Landkreis),121901,0,121901,0.0,121901.0
Freudenstadt (Landkreis),121901,10,134091,530760.392915336,-3918425.8906990383
Freudenstadt (Landkreis),121901,20,146281,1061520.785830672,-7958752.781398077
Freudenstadt (Landkreis),121901,30,158471,1592281.1787460076,-11999079.672097113
Freudenstadt (Landkreis),121901,40,170661,2123041.571661344,-16039406.562796153
Freudenstadt (Landkreis),121901,50,182852,2653845.505215967,-20080064.899507552
Freudenstadt (Landkreis),121901,60,195042,3184605.898131303,-24120391.790206593
Freudenstadt (Landkreis),121901,70,207232,3715366.291046639,-28160718.68090563
Freudenstadt (Landkreis),121901,80,219422,4246126.683961974,-32201045.571604665
Freudenstadt (Landkreis),121901,90,231612,4776887.076877311,-36241372.462303706
Freudenstadt (Landkreis),121901,100,243802,5307647.469792646,-40281699.35300274
Göppingen (Landkreis),259232,-90,25923,-10158423.011540944,77588569.69828564
Göppingen (Landkreis),259232,-80,51846,-9029719.01928957,68996494.7198122
Göppingen (Landkreis),259232,-70,77770,-7900971.486398907,60404088.295326404
Göppingen (Landkreis),259232,-60,103693,-6772267.494147534,51812013.31685297
Göppingen (Landkreis),259232,-50,129616,-5643563.501896159,43219938.33837953
Göppingen (Landkreis),259232,-40,155539,-4514859.509644785,34627863.3599061
Göppingen (Landkreis),259232,-30,181462,-3386155.51739341,26035788.381432664
Göppingen (Landkreis),259232,-20,207386,-2257407.9845027486,17443381.95694687
Göppingen (Landkreis),259232,-10,233309,-1128703.9922513743,8851306.978473434
Göppingen (Landkreis),259232,0,259232,0.0,259232.0
Göppingen (Landkreis),259232,10,285155,1128703.9922513743,-8332842.978473434
Göppingen (Landkreis),259232,20,311078,2257407.9845027486,-16924917.95694687
Göppingen (Landkreis),259232,30,337002,3386155.51739341,-25517324.381432664
Göppingen (Landkreis),259232,40,362925,4514859.509644785,-34109399.3599061
Göppingen (Landkreis),259232,50,388848,5643563.501896159,-42701474.33837953
Göppingen (Landkreis),259232,60,414771,6772267.494147534,-51293549.31685297
Göppingen (Landkreis),259232,70,440694,7900971.486398907,-59885624.295326404
Göppingen (Landkreis),259232,80,466618,9029719.01928957,-68478030.7198122
Göppingen (Landkreis),259232,90,492541,10158423.011540944,-77070105.69828564
Göppingen (Landkreis),259232,100,518464,11287127.003792318,-85662180.67675906
Heidelberg (kreisfreie Stadt),155175,-90,15518,-6080755.060982532,46443930.74851153
Heidelberg (kreisfreie Stadt),155175,-80,31035,-5405134.96115749,41300882.97468241
Heidelberg (kreisfreie Stadt),155175,-70,46552,-4729514.861332447,36157835.20085329
Heidelberg (kreisfreie Stadt),155175,-60,62070,-4053851.220868117,31014455.981011808
Heidelberg (kreisfreie Stadt),155175,-50,77588,-3378187.580403787,25871076.761170324
Heidelberg (kreisfreie Stadt),155175,-40,93105,-2702567.480578745,20728028.987341207
Heidelberg (kreisfreie Stadt),155175,-30,108622,-2026947.3807537025,15584981.213512085
Heidelberg (kreisfreie Stadt),155175,-20,124140,-1351283.7402893724,10441601.993670603
Heidelberg (kreisfreie Stadt),155175,-10,139658,-675620.0998250424,5298222.77382912
Heidelberg (kreisfreie Stadt),155175,0,155175,0.0,155175.0
Heidelberg (kreisfreie Stadt),155175,10,170692,675620.0998250424,-4987872.77382912
Heidelberg (kreisfreie Stadt),155175,20,186210,1351283.7402893724,-10131251.993670603
Heidelberg (kreisfreie Stadt),155175,30,201728,2026947.3807537025,-15274631.213512085
Heidelberg (kreisfreie Stadt),155175,40,217245,2702567.480578745,-20417678.987341207
Heidelberg (kreisfreie Stadt),155175,50,232762,3378187.580403787,-25560726.761170324
Heidelberg (kreisfreie Stadt),155175,60,248280,4053851.220868117,-30704105.981011808
Heidelberg (kreisfreie Stadt),155175,70,263798,4729514.861332447,-35847485.20085329
Heidelberg (kreisfreie Stadt),155175,80,279315,5405134.96115749,-40990532.97468241
Heidelberg (kreisfreie Stadt),155175,90,294832,6080755.060982532,-46133580.74851153
Heidelberg (kreisfreie Stadt),155175,100,310350,6756418.701446862,-51276959.96835301
Heidenheim (Landkreis),135241,-90,13524,-5299635.992163735,40477855.28672804
Heidenheim (Landkreis),135241,-80,27048,-4710792.386438797,35995379.41553741
Heidenheim (Landkreis),135241,-70,40572,-4121948.7807138585,31512903.54434678
Heidenheim (Landkreis),135241,-60,54096,-3533105.17498892,27030427.67315615
Heidenheim (Landkreis),135241,-50,67620,-2944261.569263981,22547951.80196552
Heidenheim (Landkreis),135241,-40,81145,-2355374.4228997547,18065144.484762523
Heidenheim (Landkreis),135241,-30,94669,-1766530.817174816,13582668.613571893
Heidenheim (Landkreis),135241,-20,108193,-1177687.2114498774,9100192.742381262
Heidenheim (Landkreis),135241,-10,121717,-588843.6057249387,4617716.871190631
Heidenheim (Landkreis),135241,0,135241,0.0,135241.0
Heidenheim (Landkreis),135241,10,148765,588843.6057249387,-4347234.871190631
Heidenheim (Landkreis),135241,20,162289,1177687.2114498774,-8829710.742381262
Heidenheim (Landkreis),135241,30,175813,1766530.817174816,-13312186.613571893
Heidenheim (Landkreis),135241,40,189337,2355374.4228997547,-17794662.484762523
Heidenheim (Landkreis),135241,50,202862,2944261.569263981,-22277469.80196552
Heidenheim (Landkreis),135241,60,216386,3533105.17498892,-26759945.67315615
Heidenheim (Landkreis),135241,70,229910,4121948.7807138585,-31242421.54434678
Heidenheim (Landkreis),135241,80,243434,4710792.386438797,-35724897.41553741
Heidenheim (Landkreis),135241,90,256958,5299635.992163735,-40207373.28672804
Heidenheim (Landkreis),135241,100,270482,5888479.597888675,-44689849.15791867
Heilbronn (Landkreis),353609,-90,35361,-13856721.37198686,105835639.54234517
Heilbronn (Landkreis),353609,-80,70722,-12317080.82613951,94115377.09919432
Heilbronn (Landkreis),353609,-70,106083,-10777440.28029216,82395114.65604348
Heilbronn (Landkreis),353609,-60,141444,-9237799.73444481,70674852.21289265
Heilbronn (Landkreis),353609,-50,176804,-7698202.729236748,58954921.21575417
Heilbronn (Landkreis),353609,-40,212165,-6158562.183389398,47234658.77260334
Heilbronn (Landkreis),353609,-30,247526,-4618921.637542049,35514396.32945251
Heilbronn (Landkreis),353609,-20,282887,-3079281.091694699,23794133.88630167
Heilbronn (Landkreis),353609,-10,318248,-1539640.5458473496,12073871.443150835
Heilbronn (Landkreis),353609,0,353609,0.0,353609.0
Heilbronn (Landkreis),353609,10,388970,1539640.5458473496,-11366653.443150835
Heilbronn (Landkreis),353609,20,424331,3079281.091694699,-23086915.88630167
Heilbronn (Landkreis),353609,30,459692,4618921.637542049,-34807178.32945251
Heilbronn (Landkreis),353609,40,495053,6158562.183389398,-46527440.77260334
Heilbronn (Landkreis),353609,50,530414,7698202.729236748,-58247703.21575417
Heilbronn (Landkreis),353609,60,565774,9237799.73444481,-69967634.21289265
Heilbronn (Landkreis),353609,70,601135,10777440.28029216,-81687896.65604348
Heilbronn (Landkreis),353609,80,636496,12317080.82613951,-93408159.09919432
Heilbronn (Landkreis),353609,90,671857,13856721.37198686,-105128421.54234517
Heilbronn (Landkreis),353609,100,707218,15396361.91783421,-116848683.985496
Heilbronn (kreisfreie Stadt),131653,-90,13165,-5159043.26790421,39404028.11280949
Heilbronn (kreisfreie Stadt),131653,-80,26331,-4585787.211044217,35040209.91404463
Heilbronn (kreisfreie Stadt),131653,-70,39496,-4012574.694823512,30676723.161292147
Heilbronn (kreisfreie Stadt),131653,-60,52661,-3439362.1786028068,26313236.408539657
Heilbronn (kreisfreie Stadt),131653,-50,65826,-2866149.662382101,21949749.655787166
Heilbronn (kreisfreie Stadt),131653,-40,78992,-2292893.6055221087,17585931.457022317
Heilbronn (kreisfreie Stadt),131653,-30,92157,-1719681.0893014034,13222444.704269828
Heilbronn (kreisfreie Stadt),131653,-20,105322,-1146468.573080698,8858957.95151734
Heilbronn (kreisfreie Stadt),131653,-10,118488,-573212.5162207052,4495139.7527524885
Heilbronn (kreisfreie Stadt),131653,0,131653,0.0,131653.0
Heilbronn (kreisfreie Stadt),131653,10,144818,573212.5162207052,-4231833.7527524885
Heilbronn (kreisfreie Stadt),131653,20,157984,1146468.573080698,-8595651.95151734
Heilbronn (kreisfreie Stadt),131653,30,171149,1719681.0893014034,-12959138.704269828
Heilbronn (kreisfreie Stadt),131653,40,184314,2292893.6055221087,-17322625.457022317
Heilbronn (kreisfreie Stadt),131653,50,197480,2866149.662382101,-21686443.655787166
Heilbronn (kreisfreie Stadt),131653,60,210645,3439362.1786028068,-26049930.408539657
Heilbronn (kreisfreie Stadt),131653,70,223810,4012574.694823512,-30413417.161292147
Heilbronn (kreisfreie Stadt),131653,80,236975,4585787.211044217,-34776903.91404463
Heilbronn (kreisfreie Stadt),131653,90,250141,5159043.26790421,-39140722.11280949
Heilbronn (kreisfreie Stadt),131653,100,263306,5732255.7841249155,-43504208.86556198
Hohenlohekreis (Landkreis),115335,-90,11534,-4519561.898687841,34519762.52924126
Hohenlohekreis (Landkreis),115335,-80,23067,-4017407.7057844307,30697195.668664385
Hohenlohekreis (Landkreis),115335,-70,34600,-3515253.512881021,26874628.80808752
Hohenlohekreis (Landkreis),115335,-60,46134,-3013055.779338323,23051730.501498286
Hohenlohekreis (Landkreis),115335,-50,57668,-2510858.0457956255,19228832.19490906
Hohenlohekreis (Landkreis),115335,-40,69201,-2008703.8528922154,15406265.334332192
Hohenlohekreis (Landkreis),115335,-30,80734,-1506549.6599888054,11583698.473755326
Hohenlohekreis (Landkreis),115335,-20,92268,-1004351.9264461077,7760800.167166096
Hohenlohekreis (Landkreis),115335,-10,103802,-502154.19290341006,3937901.8605768667
Hohenlohekreis (Landkreis),115335,0,115335,0.0,115335.0
Hohenlohekreis (Landkreis),115335,10,126868,502154.19290341006,-3707231.8605768667
Hohenlohekreis (Landkreis),115335,20,138402,1004351.9264461077,-7530130.167166096
Hohenlohekreis (Landkreis),115335,30,149936,1506549.6599888054,-11353028.473755326
Hohenlohekreis (Landkreis),115335,40,161469,2008703.8528922154,-15175595.334332192
Hohenlohekreis (Landkreis),115335,50,173002,2510858.0457956255,-18998162.19490906
Hohenlohekreis (Landkreis),115335,60,184536,3013055.779338323,-22821060.501498286
Hohenlohekreis (Landkreis),115335,70,196070,3515253.512881021,-26643958.80808752
Hohenlohekreis (Landkreis),115335,80,207603,4017407.7057844307,-30466525.668664385
Hohenlohekreis (Landkreis),115335,90,219136,4519561.898687841,-34289092.52924126
Hohenlohekreis (Landkreis),115335,100,230670,5021759.632230539,-38111990.83583048
Karlsruhe (Landkreis),455350,-90,45535,-17843607.08963071,136286897.5563434
Karlsruhe (Landkreis),455350,-80,91070,-15860984.079671744,121194503.38341637
Karlsruhe (Landkreis),455350,-70,136605,-13878361.069712777,106102109.21048933
Karlsruhe (Landkreis),455350,-60,182140,-11895738.059753807,91009715.03756228
Karlsruhe (Landkreis),455350,-50,227675,-9913115.04979484,75917320.86463523
Karlsruhe (Landkreis),455350,-40,273210,-7930492.039835872,60824926.691708185
Karlsruhe (Landkreis),455350,-30,318745,-5947869.029876904,45732532.51878114
Karlsruhe (Landkreis),455350,-20,364280,-3965246.019917936,30640138.345854092
Karlsruhe (Landkreis),455350,-10,409815,-1982623.009958968,15547744.172927046
Karlsruhe (Landkreis),455350,0,455350,0.0,455350.0
Karlsruhe (Landkreis),455350,10,500885,1982623.009958968,-14637044.172927046
Karlsruhe (Landkreis),455350,20,546420,3965246.019917936,-29729438.345854092
Karlsruhe (Landkreis),455350,30,591955,5947869.029876904,-44821832.51878114
Karlsruhe (Landkreis),455350,40,637490,7930492.039835872,-59914226.691708185
Karlsruhe (Landkreis),455350,50,683025,9913115.04979484,-75006620.86463523
Karlsruhe (Landkreis),455350,60,728560,11895738.059753807,-90099015.03756228
Karlsruhe (Landkreis),455350,70,774095,13878361.069712777,-105191409.21048933
Karlsruhe (Landkreis),455350,80,819630,15860984.079671744,-120283803.38341637
Karlsruhe (Landkreis),455350,90,865165,17843607.08963071,-135376197.5563434
Karlsruhe (Landkreis),455350,100,910700,19826230.09958968,-150468591.72927046
Karlsruhe (kreisfreie Stadt),308197,-90,30820,-12077171.903665064,92243697.57107687
Karlsruhe (kreisfreie Stadt),308197,-80,61639,-10735292.941461803,82028862.91607657
Karlsruhe (kreisfreie Stadt),308197,-70,92459,-9393370.438619256,71813696.81506391
Karlsruhe (kreisfreie Stadt),308197,-60,123279,-8051447.935776709,61598530.71405125
Karlsruhe (kreisfreie Stadt),308197,-50,154098,-6709568.973573449,51383696.05905095
Karlsruhe (kreisfreie Stadt),308197,-40,184918,-5367646.470730902,41168529.958038285
Karlsruhe (kreisfreie Stadt),308197,-30,215738,-4025723.9678883543,30953363.857025623
Karlsruhe (kreisfreie Stadt),308197,-20,246558,-2683801.465045807,20738197.75601296
Karlsruhe (kreisfreie Stadt),308197,-10,277377,-1341922.5028425474,10523363.101012662
Karlsruhe (kreisfreie Stadt),308197,0,308197,0.0,308197.0
Karlsruhe (kreisfreie Stadt),308197,10,339017,1341922.5028425474,-9906969.101012662
Karlsruhe (kreisfreie Stadt),308197,20,369836,2683801.465045807,-20121803.75601296
Karlsruhe (kreisfreie Stadt),308197,30,400656,4025723.9678883543,-30336969.857025623
Karlsruhe (kreisfreie Stadt),308197,40,431476,5367646.470730902,-40552135.958038285
Karlsruhe (kreisfreie Stadt),308197,50,462296,6709568.973573449,-50767302.05905095
Karlsruhe (kreisfreie Stadt),308197,60,493115,8051447.935776709,-60982136.71405125
Karlsruhe (kreisfreie Stadt),308197,70,523935,9393370.438619256,-71197302.81506391
Karlsruhe (kreisfreie Stadt),308197,80,554755,10735292.941461803,-81412468.91607657
Karlsruhe (kreisfreie Stadt),308197,90,585574,12077171.903665064,-91627303.57107687
Karlsruhe (kreisfreie Stadt),308197,100,616394,13419094.406507611,-101842469.67208953
Konstanz (Landkreis),291397,-90,29140,-11418837.437637182,87215433.86415567
Konstanz (Landkreis),291397,-80,58279,-10150106.74943702,77557428.50992438
Konstanz (Landkreis),291397,-70,87419,-8881332.52059757,67899091.70968075
Konstanz (Landkreis),291397,-60,116559,-7612558.291758121,58240754.90943711
Konstanz (Landkreis),291397,-50,145698,-6343827.603557959,48582749.55520584
Konstanz (Landkreis),291397,-40,174838,-5075053.37471851,38924412.75496219
Konstanz (Landkreis),291397,-30,203978,-3806279.1458790605,29266075.954718556
Konstanz (Landkreis),291397,-20,233118,-2537504.9170396114,19607739.154474918
Konstanz (Landkreis),291397,-10,262257,-1268774.2288394494,9949733.80024364
Konstanz (Landkreis),291397,0,291397,0.0,291397.0
Konstanz (Landkreis),291397,10,320537,1268774.2288394494,-9366939.80024364
Konstanz (Landkreis),291397,20,349676,2537504.9170396114,-19024945.154474918
Konstanz (Landkreis),291397,30,378816,3806279.1458790605,-28683281.954718556
Konstanz (Landkreis),291397,40,407956,5075053.37471851,-38341618.75496219
Konstanz (Landkreis),291397,50,437096,6343827.603557959,-47999955.55520584
Konstanz (Landkreis),291397,60,466235,7612558.291758121,-57657960.90943711
Konstanz (Landkreis),291397,70,495375,8881332.52059757,-67316297.70968075
Konstanz (Landkreis),291397,80,524515,10150106.74943702,-76974634.50992438
Konstanz (Landkreis),291397,90,553654,11418837.437637182,-86632639.86415567
Konstanz (Landkreis),291397,100,582794,12687611.666476632,-96290976.66439931
Ludwigsburg (Landkreis),534808,-90,53481,-20957285.28636258,160068722.79241148
Ludwigsburg (Landkreis),534808,-80,106962,-18628688.356624678,142342658.6052519
Ludwigsburg (Landkreis),534808,-70,160442,-16300134.967526058,124616925.86410469
Ludwigsburg (Landkreis),534808,-60,213923,-13971538.03778815,106890861.6769451
Ludwigsburg (Landkreis),534808,-50,267404,-11642941.108050244,89164797.48978552
Ludwigsburg (Landkreis),534808,-40,320885,-9314344.178312339,71438733.30262595
Ludwigsburg (Landkreis),534808,-30,374366,-6985747.248574432,53712669.11546637
Ludwigsburg (Landkreis),534808,-20,427846,-4657193.859475813,35986936.37431916
Ludwigsburg (Landkreis),534808,-10,481327,-2328596.9297379064,18260872.18715958
Ludwigsburg (Landkreis),534808,0,534808,0.0,534808.0
Ludwigsburg (Landkreis),534808,10,588289,2328596.9297379064,-17191256.18715958
Ludwigsburg (Landkreis),534808,20,641770,4657193.859475813,-34917320.37431916
Ludwigsburg (Landkreis),534808,30,695250,6985747.248574432,-52643053.11546637
Ludwigsburg (Landkreis),534808,40,748731,9314344.178312339,-70369117.30262595
Ludwigsburg (Landkreis),534808,50,802212,11642941.108050244,-88095181.48978552
Ludwigsburg (Landkreis),534808,60,855693,13971538.03778815,-105821245.6769451
Ludwigsburg (Landkreis),534808,70,909174,16300134.967526058,-123547309.86410469
Ludwigsburg (Landkreis),534808,80,962654,18628688.356624678,-141273042.6052519
Ludwigsburg (Landkreis),534808,90,1016135,20957285.28636258,-158999106.79241148
Ludwigsburg (Landkreis),534808,100,1069616,23285882.216100488,-176725170.97957104
Lörrach (Landkreis),237212,-90,23721,-9295534.622140113,70997952.62528534
Lörrach (Landkreis),237212,-80,47442,-8262707.117599942,63135721.76603416
Lörrach (Landkreis),237212,-70,71164,-7229836.072420483,55273159.46077062
Lörrach (Landkreis),237212,-60,94885,-6197008.567880313,47410928.60151944
Lörrach (Landkreis),237212,-50,118606,-5164181.063340141,39548697.74226826
Lörrach (Landkreis),237212,-40,142327,-4131353.558799971,31686466.88301708
Lörrach (Landkreis),237212,-30,166048,-3098526.0542598004,23824236.023765903
Lörrach (Landkreis),237212,-20,189770,-2065655.0090803418,15961673.71850236
Lörrach (Landkreis),237212,-10,213491,-1032827.5045401709,8099442.85925118
Lörrach (Landkreis),237212,0,237212,0.0,237212.0
Lörrach (Landkreis),237212,10,260933,1032827.5045401709,-7625018.85925118
Lörrach (Landkreis),237212,20,284654,2065655.0090803418,-15487249.71850236
Lörrach (Landkreis),237212,30,308376,3098526.0542598004,-23349812.023765903
Lörrach (Landkreis),237212,40,332097,4131353.558799971,-31212042.88301708
Lörrach (Landkreis),237212,50,355818,5164181.063340141,-39074273.74226826
Lörrach (Landkreis),237212,60,379539,6197008.567880313,-46936504.60151944
Lörrach (Landkreis),237212,70,403260,7229836.072420483,-54798735.46077062
Lörrach (Landkreis),237212,80,426982,8262707.117599942,-62661297.76603416
Lörrach (Landkreis),237212,90,450703,9295534.622140113,-70523528.62528534
Lörrach (Landkreis),237212,100,474424,10328362.126680283,-78385759.48453651
Main-Tauber-Kreis (Landkreis),133459,-90,13346,-5229796.806746492,39944433.88289857
Main-Tauber-Kreis (Landkreis),133459,-80,26692,-4648703.434814739,35520955.401908465
Main-Tauber-Kreis (Landkreis),133459,-70,40038,-4067610.0628829855,31097476.92091836
Main-Tauber-Kreis (Landkreis),133459,-60,53384,-3486516.6909512323,26673998.43992826
Main-Tauber-Kreis (Landkreis),133459,-50,66730,-2905423.319019479,22250519.958938155
Main-Tauber-Kreis (Landkreis),133459,-40,80075,-2324373.4877270134,17827372.923960414
Main-Tauber-Kreis (Landkreis),133459,-30,93421,-1743280.1157952598,13403894.44297031
Main-Tauber-Kreis (Landkreis),133459,-20,106767,-1162186.7438635067,8980415.961980207
Main-Tauber-Kreis (Landkreis),133459,-10,120113,-581093.3719317534,4556937.480990103
Main-Tauber-Kreis (Landkreis),133459,0,133459,0.0,133459.0
Main-Tauber-Kreis (Landkreis),133459,10,146805,581093.3719317534,-4290019.480990103
Main-Tauber-Kreis (Landkreis),133459,20,160151,1162186.7438635067,-8713497.961980207
Main-Tauber-Kreis (Landkreis),133459,30,173497,1743280.1157952598,-13136976.44297031
Main-Tauber-Kreis (Landkreis),133459,40,186843,2324373.4877270134,-17560454.923960414
Main-Tauber-Kreis (Landkreis),133459,50,200188,2905423.319019479,-21983601.958938155
Main-Tauber-Kreis (Landkreis),133459,60,213534,3486516.6909512323,-26407080.43992826
Main-Tauber-Kreis (Landkreis),133459,70,226880,4067610.0628829855,-30830558.92091836
Main-Tauber-Kreis (Landkreis),133459,80,240226,4648703.434814739,-35254037.401908465
Main-Tauber-Kreis (Landkreis),133459,90,253572,5229796.806746492,-39677515.88289857
Main-Tauber-Kreis (Landkreis),133459,100,266918,5810890.178678245,-44100994.36388867
Mannheim (kreisfreie Stadt),316256,-90,31626,-12392972.160417724,94655734.4987422
Mannheim (kreisfreie Stadt),316256,-80,63251,-11015999.442948692,84173754.35777768
Mannheim (kreisfreie Stadt),316256,-70,94877,-9638983.184840374,73691442.77080086
Mannheim (kreisfreie Stadt),316256,-60,126502,-8262010.467371341,63209462.629836366
Mannheim (kreisfreie Stadt),316256,-50,158128,-6884994.209263022,52727151.04285952
Mannheim (kreisfreie Stadt),316256,-40,189754,-5507977.951154702,42244839.45588267
Mannheim (kreisfreie Stadt),316256,-30,221379,-4131005.2336856704,31762859.314918183
Mannheim (kreisfreie Stadt),316256,-20,253005,-2753988.975577351,21280547.727941334
Mannheim (kreisfreie Stadt),316256,-10,284630,-1377016.2581083192,10798567.586976847
Mannheim (kreisfreie Stadt),316256,0,316256,0.0,316256.0
Mannheim (kreisfreie Stadt),316256,10,347882,1377016.2581083192,-10166055.586976847
Mannheim (kreisfreie Stadt),316256,20,379507,2753988.975577351,-20648035.727941334
Mannheim (kreisfreie Stadt),316256,30,411133,4131005.2336856704,-31130347.314918183
Mannheim (kreisfreie Stadt),316256,40,442758,5507977.951154702,-41612327.45588267
Mannheim (kreisfreie Stadt),316256,50,474384,6884994.209263022,-52094639.04285952
Mannheim (kreisfreie Stadt),316256,60,506010,8262010.467371341,-62576950.629836366
Mannheim (kreisfreie Stadt),316256,70,537635,9638983.184840374,-73058930.77080086
Mannheim (kreisfreie Stadt),316256,80,569261,11015999.442948692,-83541242.35777768
Mannheim (kreisfreie Stadt),316256,90,600886,12392972.160417724,-94023222.4987422
Mannheim (kreisfreie Stadt),316256,100,632512,13769988.418526044,-104505534.08571903
Neckar-Odenwald-Kreis (Landkreis),145681,-90,14568,-5708743.838909633,43602562.018886216
Neckar-Odenwald-Kreis (Landkreis),145681,-80,29136,-5074443.805768484,38774056.51078912
Neckar-Odenwald-Kreis (Landkreis),145681,-70,43704,-4440143.772627334,33945551.00269202
Neckar-Odenwald-Kreis (Landkreis),145681,-60,58272,-3805843.739486185,29117045.49459493
Neckar-Odenwald-Kreis (Landkreis),145681,-50,72840,-3171543.706345035,24288539.986497834
Neckar-Odenwald-Kreis (Landkreis),145681,-40,87409,-2537200.132564598,19459703.032388378
Neckar-Odenwald-Kreis (Landkreis),145681,-30,101977,-1902900.0994234488,14631197.524291284
Neckar-Odenwald-Kreis (Landkreis),145681,-20,116545,-1268600.066282299,9802692.016194189
Neckar-Odenwald-Kreis (Landkreis),145681,-10,131113,-634300.0331411496,4974186.5080970945
Neckar-Odenwald-Kreis (Landkreis),145681,0,145681,0.0,145681.0
Neckar-Odenwald-Kreis (Landkreis),145681,10,160249,634300.0331411496,-4682824.5080970945
Neckar-Odenwald-Kreis (Landkreis),145681,20,174817,1268600.066282299,-9511330.016194189
Neckar-Odenwald-Kreis (Landkreis),145681,30,189385,1902900.0994234488,-14339835.524291284
Neckar-Odenwald-Kreis (Landkreis),145681,40,203953,2537200.132564598,-19168341.032388378
Neckar-Odenwald-Kreis (Landkreis),145681,50,218522,3171543.706345035,-23997177.986497834
Neckar-Odenwald-Kreis (Landkreis),145681,60,233090,3805843.739486185,-28825683.49459493
Neckar-Odenwald-Kreis (Landkreis),145681,70,247658,4440143.772627334,-33654189.00269202
Neckar-Odenwald-Kreis (Landkreis),145681,80,262226,5074443.805768484,-38482694.51078912
Neckar-Odenwald-Kreis (Landkreis),145681,90,276794,5708743.838909633,-43311200.018886216
Neckar-Odenwald-Kreis (Landkreis),145681,100,291362,6343043.872050784,-48139705.52698331
Ortenaukreis (Landkreis),443482,-90,44348,-17378549.521400303,132734854.69829942
Ortenaukreis (Landkreis),443482,-80,88696,-15447609.250275666,118035886.94204667
Ortenaukreis (Landkreis),443482,-70,133045,-13516625.438511742,103336587.73978157
Ortenaukreis (Landkreis),443482,-60,177393,-11585685.167387106,88637619.98352882
Ortenaukreis (Landkreis),443482,-50,221741,-9654744.896262469,73938652.22727607
Ortenaukreis (Landkreis),443482,-40,266089,-7723804.625137833,59239684.471023336
Ortenaukreis (Landkreis),443482,-30,310437,-5792864.354013196,44540716.71477059
Ortenaukreis (Landkreis),443482,-20,354786,-3861880.5422492726,29841417.512505487
Ortenaukreis (Landkreis),443482,-10,399134,-1930940.2711246363,15142449.756252743
Ortenaukreis (Landkreis),443482,0,443482,0.0,443482.0
Ortenaukreis (Landkreis),443482,10,487830,1930940.2711246363,-14255485.756252743
Ortenaukreis (Landkreis),443482,20,532178,3861880.5422492726,-28954453.512505487
Ortenaukreis (Landkreis),443482,30,576527,5792864.354013196,-43653752.71477059
Ortenaukreis (Landkreis),443482,40,620875,7723804.625137833,-58352720.471023336
Ortenaukreis (Landkreis),443482,50,665223,9654744.896262469,-73051688.22727607
Ortenaukreis (Landkreis),443482,60,709571,11585685.167387106,-87750655.98352882
Ortenaukreis (Landkreis),443482,70,753919,13516625.438511742,-102449623.73978157
Ortenaukreis (Landkreis),443482,80,798268,15447609.250275666,-117148922.94204667
Ortenaukreis (Landkreis),443482,90,842616,17378549.521400303,-131847890.69829942
Ortenaukreis (Landkreis),443482,100,886964,19309489.792524938,-146546858.45455214
Ostalbkreis (Landkreis),317263,-90,31726,-12432463.520251539,94957363.03195497
Ostalbkreis (Landkreis),317263,-80,63453,-11051049.657575177,84441575.39772952
Ostalbkreis (Landkreis),317263,-70,95179,-9669679.335538102,73926119.20951642
Ostalbkreis (Landkreis),317263,-60,126905,-8288309.013501027,63410663.021303326
Ostalbkreis (Landkreis),317263,-50,158632,-6906895.150824663,52894875.38707786
Ostalbkreis (Landkreis),317263,-40,190358,-5525524.8287875885,42379419.19886476
Ostalbkreis (Landkreis),317263,-30,222084,-4144154.5067505133,31863963.010651663
Ostalbkreis (Landkreis),317263,-20,253810,-2762784.184713438,21348506.822438564
Ostalbkreis (Landkreis),317263,-10,285537,-1381370.3220370752,10832719.188213099
Ostalbkreis (Landkreis),317263,0,317263,0.0,317263.0
Ostalbkreis (Landkreis),317263,10,348989,1381370.3220370752,-10198193.188213099
Ostalbkreis (Landkreis),317263,20,380716,2762784.184713438,-20713980.822438564
Ostalbkreis (Landkreis),317263,30,412442,4144154.5067505133,-31229437.010651663
Ostalbkreis (Landkreis),317263,40,444168,5525524.8287875885,-41744893.19886476
Ostalbkreis (Landkreis),317263,50,475894,6906895.150824663,-52260349.38707786
Ostalbkreis (Landkreis),317263,60,507621,8288309.013501027,-62776137.021303326
Ostalbkreis (Landkreis),317263,70,539347,9669679.335538102,-73291593.20951642
Ostalbkreis (Landkreis),317263,80,571073,11051049.657575177,-83807049.39772952
Ostalbkreis (Landkreis),317263,90,602800,12432463.520251539,-94322837.03195497
Ostalbkreis (Landkreis),317263,100,634526,13813833.842288615,-104838293.22016808
Pforzheim (kreisfreie Stadt),135087,-90,13509,-5293583.843302765,40431630.29100965
Pforzheim (kreisfreie Stadt),135087,-80,27017,-4705436.887806428,35954457.556016825
Pforzheim (kreisfreie Stadt),135087,-70,40526,-4117246.391670802,31476953.375011627
Pforzheim (kreisfreie Stadt),135087,-60,54035,-3529055.8955351766,26999449.19400643
Pforzheim (kreisfreie Stadt),135087,-50,67544,-2940865.3993995516,22521945.01300124
Pforzheim (kreisfreie Stadt),135087,-40,81052,-2352718.443903214,18044772.278008413
Pforzheim (kreisfreie Stadt),135087,-30,94561,-1764527.9477675883,13567268.097003216
Pforzheim (kreisfreie Stadt),135087,-20,108070,-1176337.451631963,9089763.915998023
Pforzheim (kreisfreie Stadt),135087,-10,121578,-588190.4961356253,4612591.181005193
Pforzheim (kreisfreie Stadt),135087,0,135087,0.0,135087.0
Pforzheim (kreisfreie Stadt),135087,10,148596,588190.4961356253,-4342417.181005193
Pforzheim (kreisfreie Stadt),135087,20,162104,1176337.451631963,-8819589.915998023
Pforzheim (kreisfreie Stadt),135087,30,175613,1764527.9477675883,-13297094.097003216
Pforzheim (kreisfreie Stadt),135087,40,189122,2352718.443903214,-17774598.278008413
Pforzheim (kreisfreie Stadt),135087,50,202630,2940865.3993995516,-22251771.01300124
Pforzheim (kreisfreie Stadt),135087,60,216139,3529055.8955351766,-26729275.19400643
Pforzheim (kreisfreie Stadt),135087,70,229648,4117246.391670802,-31206779.375011627
Pforzheim (kreisfreie Stadt),135087,80,243157,4705436.887806428,-35684283.556016825
Pforzheim (kreisfreie Stadt),135087,90,256665,5293583.843302765,-40161456.29100965
Pforzheim (kreisfreie Stadt),135087,100,270174,5881774.339438391,-44638960.472014844
Rastatt (Landkreis),231356,-90,23136,-9066031.912455393,69245044.69412254
Rastatt (Landkreis),231356,-80,46271,-8058719.222537731,61577041.19811579
Rastatt (Landkreis),231356,-70,69407,-7051362.991980782,53908706.256096676
Rastatt (Landkreis),231356,-60,92542,-6044050.3020631205,46240702.760089934
Rastatt (Landkreis),231356,-50,115678,-5036694.0715061715,38572367.81807083
Rastatt (Landkreis),231356,-40,138814,-4029337.840949222,30904032.876051713
Rastatt (Landkreis),231356,-30,161949,-3022025.1510315603,23236029.380044967
Rastatt (Landkreis),231356,-20,185085,-2014668.920474611,15567694.438025856
Rastatt (Landkreis),231356,-10,208220,-1007356.2305569493,7899690.94201911
Rastatt (Landkreis),231356,0,231356,0.0,231356.0
Rastatt (Landkreis),231356,10,254492,1007356.2305569493,-7436978.94201911
Rastatt (Landkreis),231356,20,277627,2014668.920474611,-15104982.438025856
Rastatt (Landkreis),231356,30,300763,3022025.1510315603,-22773317.380044967
Rastatt (Landkreis),231356,40,323898,4029337.840949222,-30441320.876051713
Rastatt (Landkreis),231356,50,347034,5036694.0715061715,-38109655.81807083
Rastatt (Landkreis),231356,60,370170,6044050.3020631205,-45777990.760089934
Rastatt (Landkreis),231356,70,393305,7051362.991980782,-53445994.256096676
Rastatt (Landkreis),231356,80,416441,8058719.222537731,-61114329.19811579
Rastatt (Landkreis),231356,90,439576,9066031.912455393,-68782332.69412254
Rastatt (Landkreis),231356,100,462712,10073388.143012343,-76450667.63614166
Ravensburg (Landkreis),289725,-90,28972,-11353352.316148695,86715267.06156245
Ravensburg (Landkreis),289725,-80,57945,-10091849.374070266,77112281.74538335
Ravensburg (Landkreis),289725,-70,86918,-8830346.43199184,67509296.42920426
Ravensburg (Landkreis),289725,-60,115890,-7568887.0305527,57906642.559037514
Ravensburg (Landkreis),289725,-50,144862,-6307427.629113561,48303988.68887077
Ravensburg (Landkreis),289725,-40,173835,-5045924.687035133,38701003.372691676
Ravensburg (Landkreis),289725,-30,202808,-3784421.744956706,29098018.056512576
Ravensburg (Landkreis),289725,-20,231780,-2522962.3435175666,19495364.186345838
Ravensburg (Landkreis),289725,-10,260752,-1261502.9420784272,9892710.3161791
Ravensburg (Landkreis),289725,0,289725,0.0,289725.0
Ravensburg (Landkreis),289725,10,318698,1261502.9420784272,-9313260.3161791
Ravensburg (Landkreis),289725,20,347670,2522962.3435175666,-18915914.186345838
Ravensburg (Landkreis),289725,30,376642,3784421.744956706,-28518568.056512576
Ravensburg (Landkreis),289725,40,405615,5045924.687035133,-38121553.372691676
Ravensburg (Landkreis),289725,50,434588,6307427.629113561,-47724538.68887077
Ravensburg (Landkreis),289725,60,463560,7568887.0305527,-57327192.559037514
Ravensburg (Landkreis),289725,70,492532,8830346.43199184,-66929846.429204255
Ravensburg (Landkreis),289725,80,521505,10091849.374070266,-76532831.74538335
Ravensburg (Landkreis),289725,90,550478,11353352.316148695,-86135817.06156245
Ravensburg (Landkreis),289725,100,579450,12614811.717587834,-95738470.9317292
Rems-Murr-Kreis (Landkreis),440103,-90,44010,-17246142.437326837,131723548.37470502
Rems-Murr-Kreis (Landkreis),440103,-80,88021,-15329875.361642107,117136277.92461844
Rems-Murr-Kreis (Landkreis),440103,-70,132031,-13413651.826596666,102549338.92054422
Rems-Murr-Kreis (Landkreis),440103,-60,176041,-11497428.291551225,87962399.91647
Rems-Murr-Kreis (Landkreis),440103,-50,220052,-9581161.215866495,73375129.46638343
Rems-Murr-Kreis (Landkreis),440103,-40,264062,-7664937.680821054,58788190.46230922
Rems-Murr-Kreis (Landkreis),440103,-30,308072,-5748714.145775612,44201251.458235
Rems-Murr-Kreis (Landkreis),440103,-20,352082,-3832490.6107301707,29614312.45416079
Rems-Murr-Kreis (Landkreis),440103,-10,396093,-1916223.5350454415,15027042.004074212
Rems-Murr-Kreis (Landkreis),440103,0,440103,0.0,440103.0
Rems-Murr-Kreis (Landkreis),440103,10,484113,1916223.5350454415,-14146836.004074212
Rems-Murr-Kreis (Landkreis),440103,20,528124,3832490.6107301707,-28734106.45416079
Rems-Murr-Kreis (Landkreis),440103,30,572134,5748714.145775612,-43321045.458235
Rems-Murr-Kreis (Landkreis),440103,40,616144,7664937.680821054,-57907984.46230922
Rems-Murr-Kreis (Landkreis),440103,50,660154,9581161.215866495,-72494923.46638343
Rems-Murr-Kreis (Landkreis),440103,60,704165,11497428.291551225,-87082193.91647
Rems-Murr-Kreis (Landkreis),440103,70,748175,13413651.826596666,-101669132.92054422
Rems-Murr-Kreis (Landkreis),440103,80,792185,15329875.361642107,-116256071.92461844
Rems-Murr-Kreis (Landkreis),440103,90,836196,17246142.437326837,-130843342.37470502
Rems-Murr-Kreis (Landkreis),440103,100,880206,19162365.97237228,-145430281.37877923
Reutlingen (Landkreis),293385,-90,29338,-11496775.18196191,87810710.22628456
Reutlingen (Landkreis),293385,-80,58677,-10219336.365904238,78086415.66958079
Reutlingen (Landkreis),293385,-70,88016,-8941897.549846563,68362121.11287701
Reutlingen (Landkreis),293385,-60,117354,-7664502.274428179,58638158.0021856
Reutlingen (Landkreis),293385,-50,146692,-6387106.999009793,48914194.89149418
Reutlingen (Landkreis),293385,-40,176031,-5109668.182952119,39189900.33479039
Reutlingen (Landkreis),293385,-30,205370,-3832229.3668944454,29465605.778086614
Reutlingen (Landkreis),293385,-20,234708,-2554834.0914760595,19741642.667395197
Reutlingen (Landkreis),293385,-10,264046,-1277438.8160576734,10017679.55670378
Reutlingen (Landkreis),293385,0,293385,0.0,293385.0
Reutlingen (Landkreis),293385,10,322724,1277438.8160576734,-9430909.55670378
Reutlingen (Landkreis),293385,20,352062,2554834.0914760595,-19154872.667395197
Reutlingen (Landkreis),293385,30,381400,3832229.3668944454,-28878835.778086614
Reutlingen (Landkreis),293385,40,410739,5109668.182952119,-38603130.33479039
Reutlingen (Landkreis),293385,50,440078,6387106.999009793,-48327424.89149418
Reutlingen (Landkreis),293385,60,469416,7664502.274428179,-58051388.0021856
Reutlingen (Landkreis),293385,70,498754,8941897.549846563,-67775351.11287701
Reutlingen (Landkreis),293385,80,528093,10219336.365904238,-77499645.66958079
Reutlingen (Landkreis),293385,90,557432,11496775.18196191,-87223940.22628456
Reutlingen (Landkreis),293385,100,586770,12774170.457380297,-96947903.33697598
Rhein-Neckar-Kreis (Landkreis),557819,-90,55782,-21859011.926007915,166955980.70843914
Rhein-Neckar-Kreis (Landkreis),557819,-80,111564,-19430227.985269338,148467259.2468334
Rhein-Neckar-Kreis (Landkreis),557819,-70,167346,-17001444.04453076,129978537.7852277
Rhein-Neckar-Kreis (Landkreis),557819,-60,223128,-14572660.103792181,111489816.32362197
Rhein-Neckar-Kreis (Landkreis),557819,-50,278910,-12143876.163053602,93001094.86201623
Rhein-Neckar-Kreis (Landkreis),557819,-40,334691,-9715135.762954311,74512704.84642288
Rhein-Neckar-Kreis (Landkreis),557819,-30,390473,-7286351.822215734,56023983.38481716
Rhein-Neckar-Kreis (Landkreis),557819,-20,446255,-4857567.881477156,37535261.92321144
Rhein-Neckar-Kreis (Landkreis),557819,-10,502037,-2428783.940738578,19046540.46160572
Rhein-Neckar-Kreis (Landkreis),557819,0,557819,0.0,557819.0
Rhein-Neckar-Kreis (Landkreis),557819,10,613601,2428783.940738578,-17930902.46160572
Rhein-Neckar-Kreis (Landkreis),557819,20,669383,4857567.881477156,-36419623.92321144
Rhein-Neckar-Kreis (Landkreis),557819,30,725165,7286351.822215734,-54908345.38481716
Rhein-Neckar-Kreis (Landkreis),557819,40,780947,9715135.762954311,-73397066.84642288
Rhein-Neckar-Kreis (Landkreis),557819,50,836728,12143876.163053602,-91885456.86201623
Rhein-Neckar-Kreis (Landkreis),557819,60,892510,14572660.103792181,-110374178.32362197
Rhein-Neckar-Kreis (Landkreis),557819,70,948292,17001444.04453076,-128862899.7852277
Rhein-Neckar-Kreis (Landkreis),557819,80,1004074,19430227.985269338,-147351621.2468334
Rhein-Neckar-Kreis (Landkreis),557819,90,1059856,21859011.926007915,-165840342.70843914
Rhein-Neckar-Kreis (Landkreis),557819,100,1115638,24287795.866746493,-184329064.17004484
Rottweil (Landkreis),140344,-90,14034,-5499618.148411491,42005289.82150906
Rottweil (Landkreis),140344,-80,28069,-4888525.27601061,37353445.03800119
Rottweil (Landkreis),140344,-70,42103,-4277475.944249017,32701931.70050568
Rottweil (Landkreis),140344,-60,56138,-3666383.071848136,28050086.9169978
Rottweil (Landkreis),140344,-50,70172,-3055333.7400865424,23398573.57950229
Rottweil (Landkreis),140344,-40,84206,-2444284.408324949,18747060.24200678
Rottweil (Landkreis),140344,-30,98241,-1833191.535924068,14095215.4584989
Rottweil (Landkreis),140344,-20,112275,-1222142.2041624745,9443702.12100339
Rottweil (Landkreis),140344,-10,126310,-611049.3317615935,4791857.337495513
Rottweil (Landkreis),140344,0,140344,0.0,140344.0
Rottweil (Landkreis),140344,10,154378,611049.3317615935,-4511169.337495513
Rottweil (Landkreis),140344,20,168413,1222142.2041624745,-9163014.12100339
Rottweil (Landkreis),140344,30,182447,1833191.535924068,-13814527.4584989
Rottweil (Landkreis),140344,40,196482,2444284.408324949,-18466372.24200678
Rottweil (Landkreis),140344,50,210516,3055333.7400865424,-23117885.57950229
Rottweil (Landkreis),140344,60,224550,3666383.071848136,-27769398.9169978
Rottweil (Landkreis),140344,70,238585,4277475.944249017,-32421243.70050568
Rottweil (Landkreis),140344,80,252619,4888525.27601061,-37072757.03800119
Rottweil (Landkreis),140344,90,266654,5499618.148411491,-41724601.82150906
Rottweil (Landkreis),140344,100,280688,6110667.480173085,-46376115.15900458
Schwarzwald-Baar-Kreis (Landkreis),213922,-90,21392,-8382879.282033603,64027222.7601547
Schwarzwald-Baar-Kreis (Landkreis),213922,-80,42784,-7451457.926394155,56936929.66369581
Schwarzwald-Baar-Kreis (Landkreis),213922,-70,64177,-6519993.03011542,49846305.12122456
Schwarzwald-Baar-Kreis (Landkreis),213922,-60,85569,-5588571.674475973,42756012.02476568
Schwarzwald-Baar-Kreis (Landkreis),213922,-50,106961,-4657150.318836525,35665718.928306796
Schwarzwald-Baar-Kreis (Landkreis),213922,-40,128353,-3725728.9631970776,28575425.831847906
Schwarzwald-Baar-Kreis (Landkreis),213922,-30,149745,-2794307.60755763,21485132.73538902
Schwarzwald-Baar-Kreis (Landkreis),213922,-20,171138,-1862842.7112788951,14394508.192917774
Schwarzwald-Baar-Kreis (Landkreis),213922,-10,192530,-931421.3556394476,7304215.096458887
Schwarzwald-Baar-Kreis (Landkreis),213922,0,213922,0.0,213922.0
Schwarzwald-Baar-Kreis (Landkreis),213922,10,235314,931421.3556394476,-6876371.096458887
Schwarzwald-Baar-Kreis (Landkreis),213922,20,256706,1862842.7112788951,-13966664.192917774
Schwarzwald-Baar-Kreis (Landkreis),213922,30,278099,2794307.60755763,-21057288.73538902
Schwarzwald-Baar-Kreis (Landkreis),213922,40,299491,3725728.9631970776,-28147581.831847906
Schwarzwald-Baar-Kreis (Landkreis),213922,50,320883,4657150.318836525,-35237874.928306796
Schwarzwald-Baar-Kreis (Landkreis),213922,60,342275,5588571.674475973,-42328168.02476568
Schwarzwald-Baar-Kreis (Landkreis),213922,70,363667,6519993.03011542,-49418461.12122456
Schwarzwald-Baar-Kreis (Landkreis),213922,80,385060,7451457.926394155,-56509085.66369581
Schwarzwald-Baar-Kreis (Landkreis),213922,90,406452,8382879.282033603,-63599378.7601547
Schwarzwald-Baar-Kreis (Landkreis),213922,100,427844,9314300.63767305,-70689671.85661359
Schwäbisch Hall (Landkreis),200597,-90,20060,-7860696.395057916,60038865.73389108
Schwäbisch Hall (Landkreis),200597,-80,40119,-6987314.711588784,53390390.171911426
Schwäbisch Hall (Landkreis),200597,-70,60179,-6113889.487480364,46741583.163919404
Schwäbisch Hall (Landkreis),200597,-60,80239,-5240464.263371944,40092776.15592739
Schwäbisch Hall (Landkreis),200597,-50,100298,-4367082.579902812,33444300.59394773
Schwäbisch Hall (Landkreis),200597,-40,120358,-3493657.355794392,26795493.585955713
Schwäbisch Hall (Landkreis),200597,-30,140418,-2620232.131685972,20146686.577963695
Schwäbisch Hall (Landkreis),200597,-20,160478,-1746806.9075775521,13497879.569971673
Schwäbisch Hall (Landkreis),200597,-10,180537,-873425.2241084198,6849404.007992018
Schwäbisch Hall (Landkreis),200597,0,200597,0.0,200597.0
Schwäbisch Hall (Landkreis),200597,10,220657,873425.2241084198,-6448210.007992018
Schwäbisch Hall (Landkreis),200597,20,240716,1746806.9075775521,-13096685.569971673
Schwäbisch Hall (Landkreis),200597,30,260776,2620232.131685972,-19745492.577963695
Schwäbisch Hall (Landkreis),200597,40,280836,3493657.355794392,-26394299.585955713
Schwäbisch Hall (Landkreis),200597,50,300896,4367082.579902812,-33043106.59394773
Schwäbisch Hall (Landkreis),200597,60,320955,5240464.263371944,-39691582.15592739
Schwäbisch Hall (Landkreis),200597,70,341015,6113889.487480364,-46340389.163919404
Schwäbisch Hall (Landkreis),200597,80,361075,6987314.711588784,-52989196.171911426
Schwäbisch Hall (Landkreis),200597,90,381134,7860696.395057916,-59637671.73389108
Schwäbisch Hall (Landkreis),200597,100,401194,8734121.619166335,-66286478.74188309
Sigmaringen (Landkreis),132758,-90,13276,-5202322.6633560425,39734590.44909782
Sigmaringen (Landkreis),132758,-80,26552,-4624277.136174419,35334313.1889731
Sigmaringen (Landkreis),132758,-70,39827,-4046275.149632082,30934367.37486073
Sigmaringen (Landkreis),132758,-60,53103,-3468229.622450458,26534090.114736002
Sigmaringen (Landkreis),132758,-50,66379,-2890184.0952688335,22133812.854611274
Sigmaringen (Landkreis),132758,-40,79655,-2312138.5680872095,17733535.59448655
Sigmaringen (Landkreis),132758,-30,92931,-1734093.040905585,13333258.33436182
Sigmaringen (Landkreis),132758,-20,106206,-1156091.0543632484,8933312.520249454
Sigmaringen (Landkreis),132758,-10,119482,-578045.5271816242,4533035.260124727
Sigmaringen (Landkreis),132758,0,132758,0.0,132758.0
Sigmaringen (Landkreis),132758,10,146034,578045.5271816242,-4267519.260124727
Sigmaringen (Landkreis),132758,20,159310,1156091.0543632484,-8667796.520249454
Sigmaringen (Landkreis),132758,30,172585,1734093.040905585,-13067742.33436182
Sigmaringen (Landkreis),132758,40,185861,2312138.5680872095,-17468019.59448655
Sigmaringen (Landkreis),132758,50,199137,2890184.0952688335,-21868296.854611274
Sigmaringen (Landkreis),132758,60,212413,3468229.622450458,-26268574.114736002
Sigmaringen (Landkreis),132758,70,225689,4046275.149632082,-30668851.37486073
Sigmaringen (Landkreis),132758,80,238964,4624277.136174419,-35068797.1889731
Sigmaringen (Landkreis),132758,90,252240,5202322.6633560425,-39469074.44909782
Sigmaringen (Landkreis),132758,100,265516,5780368.190537667,-43869351.70922255
Stuttgart (kreisfreie Stadt),613111,-90,61311,-24025724.75887468,183505020.6216349
Stuttgart (kreisfreie Stadt),613111,-80,122622,-21356204.623515192,163183734.15767682
Stuttgart (kreisfreie Stadt),613111,-70,183933,-18686684.488155704,142862447.69371876
Stuttgart (kreisfreie Stadt),613111,-60,245244,-16017164.352796216,122541161.2297607
Stuttgart (kreisfreie Stadt),613111,-50,306556,-13347600.67679744,102219543.31979029
Stuttgart (kreisfreie Stadt),613111,-40,367867,-10678080.541437952,81898256.85583223
Stuttgart (kreisfreie Stadt),613111,-30,429178,-8008560.406078464,61576970.39187417
Stuttgart (kreisfreie Stadt),613111,-20,490489,-5339040.270718976,41255683.92791612
Stuttgart (kreisfreie Stadt),613111,-10,551800,-2669520.135359488,20934397.46395806
Stuttgart (kreisfreie Stadt),613111,0,613111,0.0,613111.0
Stuttgart (kreisfreie Stadt),613111,10,674422,2669520.135359488,-19708175.46395806
Stuttgart (kreisfreie Stadt),613111,20,735733,5339040.270718976,-40029461.92791612
Stuttgart (kreisfreie Stadt),613111,30,797044,8008560.406078464,-60350748.39187417
Stuttgart (kreisfreie Stadt),613111,40,858355,10678080.541437952,-80672034.85583223
Stuttgart (kreisfreie Stadt),613111,50,919666,13347600.67679744,-100993321.31979029
Stuttgart (kreisfreie Stadt),613111,60,980978,16017164.352796216,-121314939.2297607
Stuttgart (kreisfreie Stadt),613111,70,1042289,18686684.488155704,-141636225.69371876
Stuttgart (kreisfreie Stadt),613111,80,1103600,21356204.623515192,-161957512.15767682
Stuttgart (kreisfreie Stadt),613111,90,1164911,24025724.75887468,-182278798.6216349
Stuttgart (kreisfreie Stadt),613111,100,1226222,26695244.89423417,-202600085.08559296
Tuttlingen (Landkreis),144955,-90,14496,-5680268.26081557,43385070.32680113
Tuttlingen (Landkreis),144955,-80,28991,-5049146.694342413,38580760.3776065
Tuttlingen (Landkreis),144955,-70,43486,-4418025.127869255,33776450.42841187
Tuttlingen (Landkreis),144955,-60,57982,-3786860.0207568095,28971809.033204876
Tuttlingen (Landkreis),144955,-50,72478,-3155694.913644364,24167167.63799788
Tuttlingen (Landkreis),144955,-40,86973,-2524573.3471712065,19362857.68880325
Tuttlingen (Landkreis),144955,-30,101468,-1893451.7806980486,14558547.73960862
Tuttlingen (Landkreis),144955,-20,115964,-1262286.6735856032,9753906.344401626
Tuttlingen (Landkreis),144955,-10,130460,-631121.5664731578,4949264.949194632
Tuttlingen (Landkreis),144955,0,144955,0.0,144955.0
Tuttlingen (Landkreis),144955,10,159450,631121.5664731578,-4659354.949194632
Tuttlingen (Landkreis),144955,20,173946,1262286.6735856032,-9463996.344401626
Tuttlingen (Landkreis),144955,30,188442,1893451.7806980486,-14268637.73960862
Tuttlingen (Landkreis),144955,40,202937,2524573.3471712065,-19072947.68880325
Tuttlingen (Landkreis),144955,50,217432,3155694.913644364,-23877257.63799788
Tuttlingen (Landkreis),144955,60,231928,3786860.0207568095,-28681899.033204876
Tuttlingen (Landkreis),144955,70,246424,4418025.127869255,-33486540.42841187
Tuttlingen (Landkreis),144955,80,260919,5049146.694342413,-38290850.3776065
Tuttlingen (Landkreis),144955,90,275414,5680268.26081557,-43095160.32680113
Tuttlingen (Landkreis),144955,100,289910,6311433.367928016,-47899801.722008124
Tübingen (Landkreis),232897,-90,23290,-9126422.779147236,69706301.31326933
Tübingen (Landkreis),232897,-80,46579,-8112404.830779291,61987255.131358765
Tübingen (Landkreis),232897,-70,69869,-7098343.341772057,54267877.50343583
Tübingen (Landkreis),232897,-60,93159,-6084281.852764824,46548499.8755129
Tübingen (Landkreis),232897,-50,116448,-5070263.904396879,38829453.69360232
Tübingen (Landkreis),232897,-40,139738,-4056202.4153896454,31110076.065679383
Tübingen (Landkreis),232897,-30,163028,-3042140.926382412,23390698.43775645
Tübingen (Landkreis),232897,-20,186318,-2028079.4373751788,15671320.80983351
Tübingen (Landkreis),232897,-10,209607,-1014061.4890072332,7952274.627922936
Tübingen (Landkreis),232897,0,232897,0.0,232897.0
Tübingen (Landkreis),232897,10,256187,1014061.4890072332,-7486480.627922936
Tübingen (Landkreis),232897,20,279476,2028079.4373751788,-15205526.80983351
Tübingen (Landkreis),232897,30,302766,3042140.926382412,-22924904.43775645
Tübingen (Landkreis),232897,40,326056,4056202.4153896454,-30644282.065679383
Tübingen (Landkreis),232897,50,349346,5070263.904396879,-38363659.69360232
Tübingen (Landkreis),232897,60,372635,6084281.852764824,-46082705.8755129
Tübingen (Landkreis),232897,70,395925,7098343.341772057,-53802083.50343583
Tübingen (Landkreis),232897,80,419215,8112404.830779291,-61521461.131358765
Tübingen (Landkreis),232897,90,442504,9126422.779147236,-69240507.31326933
Tübingen (Landkreis),232897,100,465794,10140484.26815447,-76959884.94119228
Ulm (kreisfreie Stadt),128998,-90,12900,-5054981.1400069455,38609217.14326308
Ulm (kreisfreie Stadt),128998,-80,25800,-4493306.893197443,34333563.58378666
Ulm (kreisfreie Stadt),128998,-70,38699,-3931676.1870272285,30058241.470322594
Ulm (kreisfreie Stadt),128998,-60,51599,-3370001.9402177264,25782587.910846174
Ulm (kreisfreie Stadt),128998,-50,64499,-2808327.693408224,21506934.35136975
Ulm (kreisfreie Stadt),128998,-40,77399,-2246653.4465987217,17231280.79189333
Ulm (kreisfreie Stadt),128998,-30,90299,-1684979.1997892193,12955627.232416905
Ulm (kreisfreie Stadt),128998,-20,103198,-1123348.4936190045,8680305.118952844
Ulm (kreisfreie Stadt),128998,-10,116098,-561674.2468095022,4404651.559476422
Ulm (kreisfreie Stadt),128998,0,128998,0.0,128998.0
Ulm (kreisfreie Stadt),128998,10,141898,561674.2468095022,-4146655.559476422
Ulm (kreisfreie Stadt),128998,20,154798,1123348.4936190045,-8422309.118952844
Ulm (kreisfreie Stadt),128998,30,167697,1684979.1997892193,-12697631.232416905
Ulm (kreisfreie Stadt),128998,40,180597,2246653.4465987217,-16973284.79189333
Ulm (kreisfreie Stadt),128998,50,193497,2808327.693408224,-21248938.35136975
Ulm (kreisfreie Stadt),128998,60,206397,3370001.9402177264,-25524591.910846174
Ulm (kreisfreie Stadt),128998,70,219297,3931676.1870272285,-29800245.470322594
Ulm (kreisfreie Stadt),128998,80,232196,4493306.893197443,-34075567.58378666
Ulm (kreisfreie Stadt),128998,90,245096,5054981.1400069455,-38351221.14326308
Ulm (kreisfreie Stadt),128998,100,257996,5616655.386816448,-42626874.7027395
Waldshut (Landkreis),171777,-90,17178,-6731339.293217229,51412999.06523221
Waldshut (Landkreis),171777,-80,34355,-5983441.732174839,45719750.91088131
Waldshut (Landkreis),171777,-70,51533,-5235500.630493162,40026171.310518056
Waldshut (Landkreis),171777,-60,68711,-4487559.5288114855,34332591.7101548
Waldshut (Landkreis),171777,-50,85888,-3739661.967769096,28639343.55580391
Waldshut (Landkreis),171777,-40,103066,-2991720.8660874194,22945763.955440655
Waldshut (Landkreis),171777,-30,120244,-2243779.7644057428,17252184.3550774
Waldshut (Landkreis),171777,-20,137422,-1495838.662724066,11558604.754714148
Waldshut (Landkreis),171777,-10,154599,-747941.1016816768,5865356.600363255
Waldshut (Landkreis),171777,0,171777,0.0,171777.0
Waldshut (Landkreis),171777,10,188955,747941.1016816768,-5521802.600363255
Waldshut (Landkreis),171777,20,206132,1495838.662724066,-11215050.754714148
Waldshut (Landkreis),171777,30,223310,2243779.7644057428,-16908630.3550774
Waldshut (Landkreis),171777,40,240488,2991720.8660874194,-22602209.955440655
Waldshut (Landkreis),171777,50,257666,3739661.967769096,-28295789.55580391
Waldshut (Landkreis),171777,60,274843,4487559.5288114855,-33989037.7101548
Waldshut (Landkreis),171777,70,292021,5235500.630493162,-39682617.310518056
Waldshut (Landkreis),171777,80,309199,5983441.732174839,-45376196.91088131
Waldshut (Landkreis),171777,90,326376,6731339.293217229,-51069445.06523221
Waldshut (Landkreis),171777,100,343554,7479280.394898905,-56763024.665595464
Zollernalbkreis (Landkreis),193339,-90,19334,-7576288.939231585,57866602.38113914
Zollernalbkreis (Landkreis),193339,-80,38668,-6734474.219245933,51458425.17812231
Zollernalbkreis (Landkreis),193339,-70,58002,-5892659.49926028,45050247.97510547
Zollernalbkreis (Landkreis),193339,-60,77336,-5050844.779274628,38642070.77208864
Zollernalbkreis (Landkreis),193339,-50,96670,-4209030.059288975,32233893.569071803
Zollernalbkreis (Landkreis),193339,-40,116003,-3367258.87994261,25826047.812067334
Zollernalbkreis (Landkreis),193339,-30,135337,-2525444.1599569577,19417870.6090505
Zollernalbkreis (Landkreis),193339,-20,154671,-1683629.439971305,13009693.406033667
Zollernalbkreis (Landkreis),193339,-10,174005,-841814.7199856525,6601516.203016833
Zollernalbkreis (Landkreis),193339,0,193339,0.0,193339.0
Zollernalbkreis (Landkreis),193339,10,212673,841814.7199856525,-6214838.203016833
Zollernalbkreis (Landkreis),193339,20,232007,1683629.439971305,-12623015.406033667
Zollernalbkreis (Landkreis),193339,30,251341,2525444.1599569577,-19031192.6090505
Zollernalbkreis (Landkreis),193339,40,270675,3367258.87994261,-25439369.812067334
Zollernalbkreis (Landkreis),193339,50,290008,4209030.059288975,-31847215.569071803
Zollernalbkreis (Landkreis),193339,60,309342,5050844.779274628,-38255392.77208864
Zollernalbkreis (Landkreis),193339,70,328676,5892659.49926028,-44663569.97510547
Zollernalbkreis (Landkreis),193339,80,348010,6734474.219245933,-51071747.17812231
Zollernalbkreis (Landkreis),193339,90,367344,7576288.939231585,-57479924.38113914
Zollernalbkreis (Landkreis),193339,100,386678,8418103.659217238,-63888101.58415598
