DN_DT,Jahr,Bevölkerung insgesamt,Betriebe,Beschäftigte,Gesamtumsatz,Investitionen,Stromverbrauch(Industrie),Stromverbrauch(Haushalt),Beschäftigungsquote
Alb-Donau-Kreis (Landkreis),2003,189101,162,16707,3021712.0,90067.0,2897,1248,0.08834961211204595
Alb-Donau-Kreis (Landkreis),2004,189717,160,16279,3221256.0,101644.0,3062,1279,0.08580675427083498
Alb-Donau-Kreis (Landkreis),2005,190233,164,16288,3291576.0,125685.0,3243,1360,0.08562131701650082
Alb-Donau-Kreis (Landkreis),2006,190189,163,16465,3720086.0,158005.0,3277,1347,0.08657177859918291
Alb-Donau-Kreis (Landkreis),2007,190212,162,17512,4175860.0,144512.0,3726,1318,0.09206569511913024
Alb-Donau-Kreis (Landkreis),2008,190403,165,18264,4498407.0,202217.0,3257,1314,0.09592285835832419
Alb-Donau-Kreis (Landkreis),2009,189884,166,17320,3744477.0,129162.0,2879,1301,0.09121358302963915
Alb-Donau-Kreis (Landkreis),2010,189670,163,17544,4292569.0,109740.0,3226,1326,0.09249749565034006
Alb-Donau-Kreis (Landkreis),2011,186444,164,18361,4687752.0,144942.0,3409,1117,0.09847997253867113
Alb-Donau-Kreis (Landkreis),2012,187123,172,18437,4215001.0,145364.0,3417,1100,0.09852877519065
Alb-Donau-Kreis (Landkreis),2013,187892,177,18556,4470868.0,129966.0,3298,1084,0.0987588614736125
Alb-Donau-Kreis (Landkreis),2014,189129,176,18871,4629482.0,118449.0,3327,1048,0.09977845808945217
Alb-Donau-Kreis (Landkreis),2015,192104,177,18882,4781558.0,123065.0,3373,1068,0.09829050930745846
Alb-Donau-Kreis (Landkreis),2016,193318,176,18852,4770085.0,134159.0,3419,1050,0.09751807902006021
Alb-Donau-Kreis (Landkreis),2017,194629,180,19547,4948207.0,152441.0,3501,1041,0.10043210415713999
Alb-Donau-Kreis (Landkreis),2018,196047,189,20470,5341696.0,199724.0,3579,1012,0.1044137375221248
Alb-Donau-Kreis (Landkreis),2019,197076,192,20961,5469670.0,170195.0,3533,1084,0.10635998295073981
Alb-Donau-Kreis (Landkreis),2020,198204,196,20498,5221626.0,139151.0,3461,1076,0.10341869992532945
Alb-Donau-Kreis (Landkreis),2021,199732,191,20498,5920332.0,145529.0,3348,1138,0.10262752087797648
Alb-Donau-Kreis (Landkreis),2022,200294,185,20944,6409035.0,169104.0,3509,1098,0.10456628755729078
Baden-Baden (kreisfreie Stadt),2003,53938,43,4997,766608.0,21692.0,138,356,0.09264340539137528
Baden-Baden (kreisfreie Stadt),2004,54301,43,4967,780307.0,23561.0,146,366,0.09147161194084824
Baden-Baden (kreisfreie Stadt),2005,54581,45,4832,772474.0,18264.0,148,390,0.08852897528443963
Baden-Baden (kreisfreie Stadt),2006,54855,45,4812,811523.0,14924.0,152,388,0.0877221766475253
Baden-Baden (kreisfreie Stadt),2007,54853,44,4788,869189.0,27634.0,157,380,0.08728784205057152
Baden-Baden (kreisfreie Stadt),2008,54777,44,5154,938606.0,23662.0,156,378,0.09409058546470234
Baden-Baden (kreisfreie Stadt),2009,54494,34,4463,695861.0,18355.0,138,373,0.08189892465225529
Baden-Baden (kreisfreie Stadt),2010,54445,31,4129,718245.0,14155.0,127,381,0.07583800165304436
Baden-Baden (kreisfreie Stadt),2011,52424,34,4477,737200.0,15094.0,137,314,0.0853998168777659
Baden-Baden (kreisfreie Stadt),2012,52585,35,4483,804474.0,18575.0,132,309,0.08525244841684891
Baden-Baden (kreisfreie Stadt),2013,53012,33,4277,721775.0,19033.0,128,306,0.08067984607258734
Baden-Baden (kreisfreie Stadt),2014,53342,31,4247,767585.0,19013.0,129,296,0.07961831202429605
Baden-Baden (kreisfreie Stadt),2015,54160,30,4235,776835.0,20778.0,124,301,0.07819423929098966
Baden-Baden (kreisfreie Stadt),2016,54307,30,4262,810558.0,19327.0,119,295,0.07847975399119819
Baden-Baden (kreisfreie Stadt),2017,54718,31,4436,810775.0,20576.0,125,293,0.08107021455462554
Baden-Baden (kreisfreie Stadt),2018,55123,31,4487,866701.0,19548.0,126,284,0.08139977867677739
Baden-Baden (kreisfreie Stadt),2019,55185,31,4563,884424.0,23987.0,124,304,0.08268551236749117
Baden-Baden (kreisfreie Stadt),2020,55449,30,4384,808449.0,17144.0,112,301,0.07906364406932496
Baden-Baden (kreisfreie Stadt),2021,55527,28,4223,825244.0,14274.0,116,317,0.0760530912889225
Baden-Baden (kreisfreie Stadt),2022,56094,26,4059,896605.0,23322.0,125,307,0.07236068028666168
Biberach (Landkreis),2003,187138,167,27471,4522576.0,243073.0,1398,1235,0.14679541301071936
Biberach (Landkreis),2004,187885,167,27761,4931620.0,200840.0,1507,1266,0.14775527583362164
Biberach (Landkreis),2005,188532,170,28294,5408156.0,211003.0,1606,1348,0.15007531877877495
Biberach (Landkreis),2006,188810,172,29227,6173612.0,259356.0,1754,1337,0.15479582649224088
Biberach (Landkreis),2007,189089,171,31242,6670479.0,344023.0,1767,1310,0.16522378350935274
Biberach (Landkreis),2008,189296,174,32484,7055948.0,318933.0,1870,1306,0.17160425999492857
Biberach (Landkreis),2009,189403,176,31390,5543326.0,262248.0,1687,1297,0.16573127141597546
Biberach (Landkreis),2010,189312,179,31599,6058493.0,222729.0,1847,1323,0.1669149340770791
Biberach (Landkreis),2011,187508,180,32630,6991880.0,246037.0,1982,1123,0.17401924184568124
Biberach (Landkreis),2012,187747,181,33523,7199392.0,281742.0,2061,1104,0.17855411804183288
Biberach (Landkreis),2013,188696,185,34267,7028789.0,290915.0,1947,1089,0.1815989740111078
Biberach (Landkreis),2014,190438,187,35396,7311361.0,290150.0,2032,1055,0.18586626618637037
Biberach (Landkreis),2015,194019,190,35593,7594766.0,299558.0,2117,1079,0.1834511053041197
Biberach (Landkreis),2016,196206,199,37233,8101937.0,342883.0,2231,1065,0.18976483899574936
Biberach (Landkreis),2017,198265,205,38525,8886748.0,346819.0,2291,1061,0.19431064484402188
Biberach (Landkreis),2018,199742,214,40357,9535003.0,357612.0,2403,1031,0.20204563887414764
Biberach (Landkreis),2019,201282,212,40727,9616238.0,396197.0,2336,1107,0.2023380133345257
Biberach (Landkreis),2020,202250,219,40260,8685947.0,329118.0,2168,1098,0.19906056860321383
Biberach (Landkreis),2021,203244,218,40445,9701418.0,368786.0,2203,1158,0.19899726437188797
Biberach (Landkreis),2022,205073,212,41000,10715598.0,417132.0,2154,1124,0.19992880583987166
Bodenseekreis (Landkreis),2003,203523,148,27823,4666600.0,171992.0,1573,1343,0.13670690781877232
Bodenseekreis (Landkreis),2004,204392,141,27396,4921245.0,148935.0,1580,1378,0.13403655720380445
Bodenseekreis (Landkreis),2005,205446,143,27484,5439830.0,181497.0,1623,1469,0.1337772456022507
Bodenseekreis (Landkreis),2006,205832,152,28130,6399278.0,208649.0,1709,1457,0.13666485288973532
Bodenseekreis (Landkreis),2007,206759,152,29750,6815227.0,266494.0,1811,1433,0.1438873277584047
Bodenseekreis (Landkreis),2008,207766,151,31802,7389724.0,350739.0,1853,1434,0.15306643050354726
Bodenseekreis (Landkreis),2009,207710,145,30399,5607195.0,238209.0,1528,1423,0.14635308844061432
Bodenseekreis (Landkreis),2010,208367,146,30293,6266291.0,168137.0,1658,1456,0.14538290612237062
Bodenseekreis (Landkreis),2011,204483,147,32216,6861182.0,236997.0,1826,1225,0.15754854926815431
Bodenseekreis (Landkreis),2012,205843,147,32899,6839869.0,237976.0,1780,1210,0.15982569239663239
Bodenseekreis (Landkreis),2013,207450,153,34341,7101075.0,283081.0,1809,1197,0.16553868402024585
Bodenseekreis (Landkreis),2014,209386,152,33884,7038248.0,273450.0,1803,1160,0.16182552797226177
Bodenseekreis (Landkreis),2015,212201,151,34087,7170354.0,225728.0,1795,1180,0.16063543527127583
Bodenseekreis (Landkreis),2016,213070,154,34424,7631193.0,239236.0,1787,1157,0.16156192800488103
Bodenseekreis (Landkreis),2017,214655,156,34818,7425576.0,169630.0,1750,1148,0.16220446763411056
Bodenseekreis (Landkreis),2018,216227,162,36015,8079082.0,275277.0,1768,1116,0.16656106776674515
Bodenseekreis (Landkreis),2019,217470,167,37173,7748350.0,384876.0,1788,1196,0.17093392192026485
Bodenseekreis (Landkreis),2020,217901,164,35649,6850002.0,240235.0,1650,1183,0.16360181917476285
Bodenseekreis (Landkreis),2021,218885,167,35749,7580664.0,273037.0,1704,1248,0.16332320624985724
Bodenseekreis (Landkreis),2022,219641,167,36595,8626852.0,348751.0,2005,1204,0.1666127908723781
Breisgau-Hochschwarzwald (Landkreis),2003,247002,164,16779,2467638.0,114572.0,1668,1630,0.06793062404353001
Breisgau-Hochschwarzwald (Landkreis),2004,248400,167,16549,2576531.0,102626.0,1681,1674,0.06662238325281804
Breisgau-Hochschwarzwald (Landkreis),2005,249535,167,15963,2446727.0,109297.0,1583,1784,0.06397098603402328
Breisgau-Hochschwarzwald (Landkreis),2006,250013,163,15808,2673002.0,123008.0,1720,1770,0.06322871210697044
Breisgau-Hochschwarzwald (Landkreis),2007,250183,159,16694,2786623.0,147035.0,1659,1734,0.06672715572201149
Breisgau-Hochschwarzwald (Landkreis),2008,250132,158,16944,2814803.0,122967.0,1673,1726,0.06774023315689316
Breisgau-Hochschwarzwald (Landkreis),2009,250418,154,16256,2350321.0,132694.0,1490,1715,0.0649154613486251
Breisgau-Hochschwarzwald (Landkreis),2010,251266,158,17152,2991133.0,141525.0,1688,1756,0.06826231961347735
Breisgau-Hochschwarzwald (Landkreis),2011,246437,163,18319,3482983.0,140824.0,1680,1476,0.07433542852737211
Breisgau-Hochschwarzwald (Landkreis),2012,247711,164,18355,3415929.0,138316.0,1647,1457,0.07409844536576898
Breisgau-Hochschwarzwald (Landkreis),2013,250137,171,19039,3538174.0,127863.0,1749,1443,0.07611428936942556
Breisgau-Hochschwarzwald (Landkreis),2014,252749,173,19704,3622740.0,142673.0,1777,1400,0.07795876541549125
Breisgau-Hochschwarzwald (Landkreis),2015,257343,171,19844,3671505.0,194079.0,1555,1431,0.07711109297707729
Breisgau-Hochschwarzwald (Landkreis),2016,260416,171,20241,3876134.0,150649.0,1619,1414,0.07772563897763578
Breisgau-Hochschwarzwald (Landkreis),2017,262405,172,20672,3908397.0,163039.0,1697,1404,0.07877898668089404
Breisgau-Hochschwarzwald (Landkreis),2018,262795,175,21662,4223179.0,183113.0,1717,1356,0.08242926996327936
Breisgau-Hochschwarzwald (Landkreis),2019,263601,181,21725,4149044.0,142282.0,1637,1450,0.08241622755604114
Breisgau-Hochschwarzwald (Landkreis),2020,264867,183,21164,3942832.0,105548.0,1590,1438,0.07990425383305584
Breisgau-Hochschwarzwald (Landkreis),2021,265792,179,20958,4219438.0,201179.0,1641,1515,0.07885113171201541
Breisgau-Hochschwarzwald (Landkreis),2022,269631,182,21258,4488423.0,162506.0,1549,1478,0.078841082813178
Böblingen (Landkreis),2003,371678,225,74881,32399659.0,679043.0,3884,2453,0.20146739920038312
Böblingen (Landkreis),2004,372113,220,73331,30082906.0,682364.0,3893,2508,0.19706648249322115
Böblingen (Landkreis),2005,372155,221,70657,28837790.0,522851.0,3803,2661,0.1898590640996359
Böblingen (Landkreis),2006,372228,219,67438,32940754.0,713981.0,3808,2635,0.1811739041662637
Böblingen (Landkreis),2007,372755,215,66805,33786493.0,733994.0,3837,2583,0.17921959463991094
Böblingen (Landkreis),2008,372827,209,67472,29599293.0,1012736.0,3323,2573,0.18097401743972405
Böblingen (Landkreis),2009,371616,190,63831,21332946.0,665282.0,3044,2546,0.17176601653319556
Böblingen (Landkreis),2010,371396,192,64253,23107368.92292321,938086.0,3264,2596,0.17300401727536108
Böblingen (Landkreis),2011,364458,194,65847,24659379.16412132,730380.0,3297,2183,0.18067102382167494
Böblingen (Landkreis),2012,367208,195,66765,25703045.91847336,1132147.0,3226,2159,0.18181793424979847
Böblingen (Landkreis),2013,370392,193,68320,27225728.650815018,1042811.0,3192,2137,0.1844532279314888
Böblingen (Landkreis),2014,374279,198,69958,28810826.33790254,1074207.0,3093,2074,0.186914040061024
Böblingen (Landkreis),2015,381281,198,70900,29872540.790012386,1121881.0,3112,2120,0.18595209307571056
Böblingen (Landkreis),2016,385888,196,73171,31933646.50546332,1100130.0,3120,2095,0.1896171946264201
Böblingen (Landkreis),2017,389548,197,74662,33408202.043784127,1044605.0,3122,2084,0.19166315832708677
Böblingen (Landkreis),2018,391640,200,76488,35134673.36330807,1090310.0,3177,2021,0.19530180778265754
Böblingen (Landkreis),2019,392807,203,76653,33554015.188373648,1447716.0,3145,2160,0.19514163444134142
Böblingen (Landkreis),2020,392898,213,73005,31164107.44429409,1304382.0,2811,2133,0.18581158468610173
Böblingen (Landkreis),2021,393195,212,71614,32529513.688993137,1120984.0,2582,2241,0.18213354696778952
Böblingen (Landkreis),2022,391368,208,73278,34134163.048651576,972356.0,2562,2145,0.18723554301833567
Calw (Landkreis),2003,161524,108,9947,1459912.0,87879.0,522,1066,0.06158217973799559
Calw (Landkreis),2004,161530,106,10129,1572389.0,75539.0,552,1089,0.06270661796570297
Calw (Landkreis),2005,161069,109,10424,1631121.0,80758.0,558,1152,0.06471760549826472
Calw (Landkreis),2006,160341,109,10729,1853903.0,74573.0,617,1135,0.06691364030410188
Calw (Landkreis),2007,159644,113,11270,2064692.0,88565.0,642,1106,0.07059457292475758
Calw (Landkreis),2008,158702,109,11467,2095292.0,95269.0,669,1095,0.07225491802245719
Calw (Landkreis),2009,158055,109,10746,1795176.0,72744.0,579,1083,0.06798899117395843
Calw (Landkreis),2010,157271,107,10812,2123774.0,44083.0,681,1099,0.0687475758404283
Calw (Landkreis),2011,150990,107,11197,2550292.0,101058.0,708,904,0.07415722895555997
Calw (Landkreis),2012,150709,109,11520,2589827.0,85771.0,709,886,0.07643869974586787
Calw (Landkreis),2013,151461,109,11442,2594806.0,72961.0,692,874,0.0755441994969002
Calw (Landkreis),2014,152766,108,11322,2605971.0,77554.0,658,846,0.07411334982915047
Calw (Landkreis),2015,155359,103,11068,2797291.0,71588.0,658,864,0.07124144722867681
Calw (Landkreis),2016,155960,106,11254,2955574.0,56981.0,660,847,0.07215952808412414
Calw (Landkreis),2017,157424,104,11332,3040876.0,65603.0,658,842,0.07198394145746519
Calw (Landkreis),2018,158397,101,11763,3615507.0,137418.0,668,817,0.07426277012822212
Calw (Landkreis),2019,159201,105,11726,3747972.0,90574.0,652,876,0.07365531623545078
Calw (Landkreis),2020,160149,108,11253,3169342.0,80934.0,624,870,0.07026581495981866
Calw (Landkreis),2021,160686,108,11425,3326306.0,81184.0,673,916,0.07110140273577038
Calw (Landkreis),2022,160139,110,11961,4357094.0,95086.0,680,878,0.0746913618793673
Emmendingen (Landkreis),2003,155160,135,13123,1758159.0,65926.0,657,1024,0.08457721062129415
Emmendingen (Landkreis),2004,156069,140,13031,1795538.0,74958.0,683,1052,0.08349512074787434
Emmendingen (Landkreis),2005,156728,144,12901,1784320.0,73112.0,713,1121,0.08231458322699199
Emmendingen (Landkreis),2006,157265,143,13152,2013931.0,73722.0,778,1113,0.08362954249197214
Emmendingen (Landkreis),2007,157629,141,13728,2214840.0,72522.0,768,1092,0.08709057343509126
Emmendingen (Landkreis),2008,157667,137,13828,2116848.0,103393.0,776,1088,0.08770383149295667
Emmendingen (Landkreis),2009,157791,138,13004,1733730.0,68414.0,682,1081,0.08241281188407451
Emmendingen (Landkreis),2010,158342,140,13120,2134631.0,67323.0,794,1107,0.08285862247540135
Emmendingen (Landkreis),2011,156723,139,13849,2370159.0,86185.0,817,939,0.08836609814768732
Emmendingen (Landkreis),2012,157399,140,13954,2386588.0,103366.0,796,926,0.08865367632577081
Emmendingen (Landkreis),2013,158177,140,14200,2415205.0,98267.0,801,913,0.08977284940288412
Emmendingen (Landkreis),2014,159708,145,14716,2594165.0,136834.0,786,885,0.0921431612693165
Emmendingen (Landkreis),2015,162082,142,14995,2641446.0,115944.0,800,901,0.09251489986550018
Emmendingen (Landkreis),2016,163251,146,15586,2701804.0,130565.0,805,886,0.09547261578795842
Emmendingen (Landkreis),2017,164712,147,16191,2907473.0,131470.0,829,881,0.098298848899898
Emmendingen (Landkreis),2018,165383,147,16948,3073984.0,158512.0,858,853,0.10247728001064196
Emmendingen (Landkreis),2019,166408,150,17111,3022938.0,132216.0,821,915,0.10282558530839864
Emmendingen (Landkreis),2020,166862,157,16967,2902139.0,98866.0,775,906,0.10168282772590524
Emmendingen (Landkreis),2021,167945,156,17004,2997961.0,103141.0,792,957,0.10124743219506387
Emmendingen (Landkreis),2022,168004,163,18029,3286466.0,140229.0,798,921,0.10731292112092569
Enzkreis (Landkreis),2003,195379,255,23936,3360580.0,136467.0,1332,1290,0.12251060758832832
Enzkreis (Landkreis),2004,196083,247,23721,3563900.0,120890.0,1335,1322,0.12097428129924573
Enzkreis (Landkreis),2005,196417,249,24133,3831524.0,121784.0,1391,1404,0.12286614702393377
Enzkreis (Landkreis),2006,196159,246,24498,4154821.0,161740.0,1519,1389,0.12488848332220291
Enzkreis (Landkreis),2007,195457,246,25595,4370186.0,159228.0,1619,1355,0.13094951830837473
Enzkreis (Landkreis),2008,195315,242,25605,4430833.0,134517.0,1560,1348,0.13109592197219874
Enzkreis (Landkreis),2009,194554,234,22859,3404356.0,86864.0,1240,1333,0.11749437174254963
Enzkreis (Landkreis),2010,193913,235,23070,4015611.0,98769.0,1445,1355,0.11897087869302213
Enzkreis (Landkreis),2011,191461,239,24281,4620419.0,121784.0,1545,1147,0.1268195611638924
Enzkreis (Landkreis),2012,192092,248,24719,4574238.0,143102.0,1540,1130,0.1286831309997293
Enzkreis (Landkreis),2013,192811,255,24894,4524183.0,140096.0,1554,1113,0.12911089097613726
Enzkreis (Landkreis),2014,193728,255,24741,4508593.0,163895.0,1590,1073,0.12770998513379583
Enzkreis (Landkreis),2015,196066,254,25239,4730816.0,147380.0,1624,1090,0.12872706129568615
Enzkreis (Landkreis),2016,197246,263,25908,5620828.0,150602.0,1661,1071,0.13134867120245786
Enzkreis (Landkreis),2017,198369,272,26445,5830672.0,183035.0,1718,1061,0.13331216067026602
Enzkreis (Landkreis),2018,198905,278,27394,6308584.0,190400.0,1789,1026,0.13772403911414996
Enzkreis (Landkreis),2019,199556,282,27934,6538074.0,205339.0,1674,1098,0.1399807572811642
Enzkreis (Landkreis),2020,199752,292,26868,6047949.0,144354.0,1505,1085,0.13450678841763788
Enzkreis (Landkreis),2021,200237,291,27370,6655849.0,125486.0,1653,1141,0.13668802469074148
Enzkreis (Landkreis),2022,198950,289,27354,7315155.0,157322.0,1615,1090,0.13749183211862276
Esslingen (Landkreis),2003,511564,449,67254,10700442.0,459593.0,4830,3376,0.13146742147610074
Esslingen (Landkreis),2004,513105,430,66587,11009178.0,495247.0,4818,3458,0.12977265861763188
Esslingen (Landkreis),2005,514245,429,65497,11306669.0,436864.0,4677,3677,0.12736536086884656
Esslingen (Landkreis),2006,514108,419,63774,12039557.0,517552.0,4675,3640,0.12404786542905381
Esslingen (Landkreis),2007,514503,424,64611,13192043.0,577507.0,4673,3566,0.1255794426854654
Esslingen (Landkreis),2008,514646,432,65645,13507508.0,522948.0,4666,3551,0.1275536971044174
Esslingen (Landkreis),2009,514109,413,60309,9945918.0,237843.0,3972,3522,0.11730780826634041
Esslingen (Landkreis),2010,514830,408,59968,11738683.0,295686.0,5923,3599,0.11648116854107181
Esslingen (Landkreis),2011,504961,402,61401,12748944.0,389898.0,4510,3025,0.12159552915967768
Esslingen (Landkreis),2012,508577,399,61913,13140927.0,421831.0,4501,2990,0.12173771130035373
Esslingen (Landkreis),2013,512279,416,62764,13337796.0,592385.0,4467,2956,0.12251917412191403
Esslingen (Landkreis),2014,516779,415,64252,13872749.0,490741.0,4510,2863,0.1243316775642973
Esslingen (Landkreis),2015,524127,406,64799,14478312.0,644754.0,4256,2914,0.12363224943572837
Esslingen (Landkreis),2016,528792,402,63252,14823558.0,493780.0,4136,2871,0.11961603049970498
Esslingen (Landkreis),2017,532447,407,64083,14299899.0,466907.0,4140,2849,0.12035564103093829
Esslingen (Landkreis),2018,533859,406,64236,14282703.0,532755.0,3734,2755,0.12032390575039477
Esslingen (Landkreis),2019,535024,413,62864,13188012.0,502212.0,3710,2943,0.11749753282095757
Esslingen (Landkreis),2020,533617,415,60414,12011968.0,351803.0,2987,2898,0.11321603322232987
Esslingen (Landkreis),2021,533388,414,59195,13568311.0,258365.0,3032,3040,0.11097924962691325
Esslingen (Landkreis),2022,533434,411,61403,14361625.0,310771.0,2849,2923,0.1151088981954656
Freiburg im Breisgau (kreisfreie Stadt),2003,212495,99,12798,2618617.0,77635.0,1229,1402,0.060227299465869785
Freiburg im Breisgau (kreisfreie Stadt),2004,213998,98,12493,2775534.0,94739.0,1120,1442,0.05837905027149787
Freiburg im Breisgau (kreisfreie Stadt),2005,215966,94,12380,2762706.0,86813.0,1101,1544,0.057323838011538855
Freiburg im Breisgau (kreisfreie Stadt),2006,217547,90,12149,2782028.0,71681.0,1121,1540,0.055845403521997544
Freiburg im Breisgau (kreisfreie Stadt),2007,219430,91,12097,2841123.0,60399.0,1113,1521,0.05512919837761473
Freiburg im Breisgau (kreisfreie Stadt),2008,219665,93,12356,3006613.0,88991.0,1063,1516,0.05624928868959552
Freiburg im Breisgau (kreisfreie Stadt),2009,221924,81,9970,2343381.0,56756.0,998,1520,0.04492528973882951
Freiburg im Breisgau (kreisfreie Stadt),2010,224191,81,9641,2618692.0,67517.0,985,1567,0.043003510399614614
Freiburg im Breisgau (kreisfreie Stadt),2011,214234,81,9674,2507291.0,74448.0,977,1283,0.04515623103709029
Freiburg im Breisgau (kreisfreie Stadt),2012,218043,75,9494,2430531.0,74232.0,1007,1282,0.04354187018156969
Freiburg im Breisgau (kreisfreie Stadt),2013,220286,80,9792,2371009.0,77447.0,1005,1271,0.044451304213613214
Freiburg im Breisgau (kreisfreie Stadt),2014,222203,78,9726,2436939.0,92945.0,992,1231,0.043770786173003964
Freiburg im Breisgau (kreisfreie Stadt),2015,226393,80,9677,2443596.0,85674.0,945,1259,0.0427442544601644
Freiburg im Breisgau (kreisfreie Stadt),2016,227590,78,9700,2485437.0,85544.0,953,1236,0.0426205017795158
Freiburg im Breisgau (kreisfreie Stadt),2017,229636,81,10004,2569546.0,64317.0,971,1229,0.043564597885348985
Freiburg im Breisgau (kreisfreie Stadt),2018,230241,84,10675,2679773.0,104978.0,965,1188,0.04636446158590347
Freiburg im Breisgau (kreisfreie Stadt),2019,231195,82,10907,2806275.0,92460.0,965,1272,0.047176625792080276
Freiburg im Breisgau (kreisfreie Stadt),2020,230940,83,11155,2734482.0,85620.0,960,1254,0.04830258941716463
Freiburg im Breisgau (kreisfreie Stadt),2021,231848,79,11669,3019930.0,85918.0,952,1322,0.05033038887547014
Freiburg im Breisgau (kreisfreie Stadt),2022,235003,78,12137,3404923.0,120177.0,938,1288,0.05164614919809534
Freudenstadt (Landkreis),2003,122369,133,15742,2183542.0,75048.0,1154,808,0.12864369243844437
Freudenstadt (Landkreis),2004,122407,134,15448,2417439.0,101178.0,1207,825,0.12620193289599452
Freudenstadt (Landkreis),2005,122579,132,15576,2514681.0,91288.0,1245,876,0.12706907382178023
Freudenstadt (Landkreis),2006,122275,131,15824,2850880.0,166693.0,1342,866,0.12941320793293806
Freudenstadt (Landkreis),2007,121865,128,16973,3161121.0,141074.0,1380,845,0.1392770688877036
Freudenstadt (Landkreis),2008,121272,129,17763,3271087.0,185379.0,1369,837,0.1464723926380368
Freudenstadt (Landkreis),2009,120637,129,16864,2563876.0,121096.0,1272,826,0.13979127465039748
Freudenstadt (Landkreis),2010,119878,129,16913,3234657.0,75263.0,1370,838,0.14108510318824138
Freudenstadt (Landkreis),2011,115220,132,17534,3600084.0,102888.0,1308,690,0.15217844124283977
Freudenstadt (Landkreis),2012,115055,130,17475,3433907.0,75475.0,1306,677,0.15188388162183303
Freudenstadt (Landkreis),2013,114793,135,17250,3387733.0,80732.0,1353,662,0.15027048687637748
Freudenstadt (Landkreis),2014,115147,131,17165,3569173.0,105165.0,1342,638,0.14907031880986912
Freudenstadt (Landkreis),2015,116233,129,17237,3692696.0,103805.0,1355,646,0.1482969552536715
Freudenstadt (Landkreis),2016,116692,131,17328,3804487.0,148967.0,1366,634,0.14849346998937374
Freudenstadt (Landkreis),2017,117456,132,17925,4096266.0,116174.0,1408,628,0.15261033919084593
Freudenstadt (Landkreis),2018,117935,135,18682,4541928.0,124969.0,1424,609,0.15840929325475897
Freudenstadt (Landkreis),2019,118243,136,19112,4473541.0,126118.0,1390,650,0.1616332467883934
Freudenstadt (Landkreis),2020,118364,139,18770,3885252.0,122027.0,1326,643,0.1585786218782738
Freudenstadt (Landkreis),2021,119183,139,19074,4535520.0,131506.0,1438,679,0.16003960296350989
Freudenstadt (Landkreis),2022,121450,134,19483,5222245.0,148194.0,1396,666,0.16041992589543022
Göppingen (Landkreis),2003,258707,256,29471,4368955.0,150669.0,1783,1707,0.11391651559486214
Göppingen (Landkreis),2004,258492,251,28513,4459255.0,135474.0,1868,1742,0.11030515451155161
Göppingen (Landkreis),2005,257783,247,27627,4457440.0,122734.0,1874,1843,0.10717153574906026
Göppingen (Landkreis),2006,256967,244,27350,4622884.0,124053.0,1667,1819,0.106433900072772
Göppingen (Landkreis),2007,255807,242,28217,5132100.0,152051.0,1956,1773,0.11030581649446654
Göppingen (Landkreis),2008,254833,246,28635,5217650.0,158217.0,1789,1758,0.11236770747901567
Göppingen (Landkreis),2009,253522,241,24897,3862979.0,94107.0,1434,1737,0.09820449507340585
Göppingen (Landkreis),2010,252548,230,24281,4525611.023471877,88676.0,1551,1765,0.0961440993395315
Göppingen (Landkreis),2011,247194,232,25046,4567830.376549017,110731.0,1653,1481,0.10132122947967993
Göppingen (Landkreis),2012,247835,235,26413,4515664.801255634,136710.0,1652,1457,0.10657493897149313
Göppingen (Landkreis),2013,248813,238,26817,4678540.997271902,123547.0,1687,1436,0.10777973819695916
Göppingen (Landkreis),2014,250117,233,26995,4800672.931139972,159751.0,1801,1386,0.10792948899914839
Göppingen (Landkreis),2015,252749,230,26853,4925970.828988849,152776.0,1629,1405,0.10624374379324943
Göppingen (Landkreis),2016,254618,230,26954,4976019.705585754,127633.0,1609,1383,0.10586054403066554
Göppingen (Landkreis),2017,256345,232,28144,4795009.142785315,147292.0,1649,1371,0.10978954143829604
Göppingen (Landkreis),2018,257253,236,29034,4915050.342602204,158226.0,1778,1327,0.11286165758999896
Göppingen (Landkreis),2019,258145,240,28328,4624329.474901707,165899.0,1514,1420,0.10973677584303396
Göppingen (Landkreis),2020,258781,244,26733,4303147.739774651,128279.0,1264,1405,0.10330356556315959
Göppingen (Landkreis),2021,259046,239,25037,4720076.476381078,111726.0,1188,1477,0.09665078789095373
Göppingen (Landkreis),2022,257269,237,24700,4778135.648567108,110393.0,1169,1410,0.09600845807306749
Heidelberg (kreisfreie Stadt),2003,142959,54,11154,1387338.0,59202.0,409,944,0.07802237005015424
Heidelberg (kreisfreie Stadt),2004,143123,53,10669,1410606.0,63472.0,426,965,0.07454427310774649
Heidelberg (kreisfreie Stadt),2005,142993,54,10693,1442577.0,50365.0,422,1022,0.07477988433000217
Heidelberg (kreisfreie Stadt),2006,144634,56,11066,1831863.0,64071.0,564,1024,0.07651036409143078
Heidelberg (kreisfreie Stadt),2007,145311,58,11453,2046713.0,77386.0,563,1007,0.0788171576824879
Heidelberg (kreisfreie Stadt),2008,145642,58,11643,2135858.0,74860.0,498,1005,0.07994259897557024
Heidelberg (kreisfreie Stadt),2009,146466,44,9681,1277852.0,68693.0,444,1003,0.06609725123919545
Heidelberg (kreisfreie Stadt),2010,147312,46,9549,1548401.0,69198.0,506,1030,0.06482160312805474
Heidelberg (kreisfreie Stadt),2011,148415,45,9499,1730240.0,63710.0,493,889,0.06400296465990635
Heidelberg (kreisfreie Stadt),2012,150335,44,9331,1714364.0,41089.0,479,884,0.0620680480260751
Heidelberg (kreisfreie Stadt),2013,152113,44,9194,1643299.0,66553.0,475,878,0.06044190831815821
Heidelberg (kreisfreie Stadt),2014,154715,45,9295,1690727.0,48830.0,452,857,0.060078208318521155
Heidelberg (kreisfreie Stadt),2015,156267,45,8856,1676849.0,60801.0,445,869,0.05667223406093417
Heidelberg (kreisfreie Stadt),2016,159914,48,8954,1686320.0,56465.0,451,868,0.05599259602036094
Heidelberg (kreisfreie Stadt),2017,160601,49,9119,1757144.0,50658.0,446,859,0.05678046836570133
Heidelberg (kreisfreie Stadt),2018,160355,52,9197,1731157.0,86581.0,418,827,0.05735399582177045
Heidelberg (kreisfreie Stadt),2019,161485,53,8305,1918599.0,108026.0,384,888,0.05142892528717838
Heidelberg (kreisfreie Stadt),2020,158741,52,8088,1776607.0,90446.0,334,862,0.05095092005216044
Heidelberg (kreisfreie Stadt),2021,159245,53,8199,1933741.0,70747.0,353,908,0.051486702879211275
Heidelberg (kreisfreie Stadt),2022,154570,52,8170,2051634.0,75215.0,339,847,0.05285631105647926
Heidenheim (Landkreis),2003,136337,131,21265,3467993.0,111666.0,1610,900,0.1559738002156421
Heidenheim (Landkreis),2004,135737,125,20216,3827710.0,115687.0,1614,915,0.14893507297199732
Heidenheim (Landkreis),2005,135174,127,19576,3626727.0,132659.0,1604,966,0.1448207495524287
Heidenheim (Landkreis),2006,134164,130,19354,3902658.0,130948.0,1651,950,0.14425628335470023
Heidenheim (Landkreis),2007,133449,124,19924,4011160.0,123769.0,1773,925,0.14930048183201072
Heidenheim (Landkreis),2008,132773,122,20396,4003339.0,156096.0,1864,916,0.1536155694305318
Heidenheim (Landkreis),2009,131854,120,19439,4064842.0,148181.0,1683,903,0.14742821605715412
Heidenheim (Landkreis),2010,131116,121,19244,4244125.0,107483.0,1768,917,0.14677079837700968
Heidenheim (Landkreis),2011,127691,123,19730,4460268.0,117584.0,1744,765,0.15451363056127684
Heidenheim (Landkreis),2012,127608,123,19918,4209150.0,96296.0,1764,750,0.15608739263995988
Heidenheim (Landkreis),2013,127947,120,18269,3605653.0,93432.0,1529,738,0.14278568469757008
Heidenheim (Landkreis),2014,128894,116,17960,3604676.0,136227.0,1489,714,0.1393393020621596
Heidenheim (Landkreis),2015,130527,114,18062,3824016.0,90727.0,1442,726,0.13837750044052188
Heidenheim (Landkreis),2016,131498,115,17700,4263164.0,125427.0,1409,714,0.1346028076472646
Heidenheim (Landkreis),2017,132006,118,17874,4163074.0,108077.0,1458,706,0.13540293623017136
Heidenheim (Landkreis),2018,132472,118,18116,3924398.0,100217.0,1455,684,0.13675342713932
Heidenheim (Landkreis),2019,132777,119,18595,3839452.0,167755.0,1478,730,0.14004684546269308
Heidenheim (Landkreis),2020,132812,123,18414,3822877.0,141215.0,1456,721,0.13864711020088547
Heidenheim (Landkreis),2021,132958,121,18185,3722152.0,161419.0,1637,758,0.13677251462867973
Heidenheim (Landkreis),2022,134766,121,18544,4219169.0,139966.0,1556,739,0.13760147218141075
Heilbronn (Landkreis),2003,327540,289,41633,11294557.0,483801.0,3161,2162,0.12710813946388227
Heilbronn (Landkreis),2004,328866,292,42590,11783846.0,367630.0,3456,2217,0.12950563451375333
Heilbronn (Landkreis),2005,329503,295,42892,13230645.0,325355.0,3492,2356,0.13017180420208618
Heilbronn (Landkreis),2006,329979,296,44046,14824732.0,440556.0,3590,2336,0.13348122153227931
Heilbronn (Landkreis),2007,330302,295,46200,15290300.0,556189.0,3603,2289,0.13987199593099647
Heilbronn (Landkreis),2008,329743,300,47888,15834064.0,597495.0,3764,2275,0.14522825351864938
Heilbronn (Landkreis),2009,329054,302,45948,11993688.0,582309.0,3239,2254,0.13963665538179143
Heilbronn (Landkreis),2010,328364,304,46424,14337511.0,541985.0,3636,2295,0.1413796883945865
Heilbronn (Landkreis),2011,323168,308,47274,17608542.0,543906.0,3883,1936,0.14628304782651746
Heilbronn (Landkreis),2012,324543,310,48260,18263046.0,531456.0,3731,1908,0.14870140474451768
Heilbronn (Landkreis),2013,326035,315,48781,18286359.0,661725.0,3771,1881,0.14961890594568067
Heilbronn (Landkreis),2014,329250,312,50004,18291469.0,743190.0,3863,1824,0.15187243735763098
Heilbronn (Landkreis),2015,334388,312,50843,18635976.0,801747.0,3896,1859,0.15204792037991793
Heilbronn (Landkreis),2016,337571,317,52557,17928359.0,835207.0,3949,1833,0.1556916915256346
Heilbronn (Landkreis),2017,340772,322,54623,16131294.0,1268931.0,3959,1823,0.16029192539293136
Heilbronn (Landkreis),2018,343068,317,56315,16325286.0,1144151.0,4060,1770,0.16415113038814463
Heilbronn (Landkreis),2019,344456,325,57658,17421802.0,877500.0,3891,1895,0.16738857793157907
Heilbronn (Landkreis),2020,346363,325,54665,16842798.0,583581.0,3524,1881,0.15782574928615353
Heilbronn (Landkreis),2021,347798,322,54580,17296011.0,593416.0,3654,1982,0.156930172111398
Heilbronn (Landkreis),2022,351402,314,54736,18594435.0,694793.0,3601,1926,0.15576462285359788
Heilbronn (kreisfreie Stadt),2003,120705,98,15203,3293262.0,70528.0,1044,797,0.12595170042666004
Heilbronn (kreisfreie Stadt),2004,121320,98,15032,3313622.0,108992.0,1085,818,0.12390372568414111
Heilbronn (kreisfreie Stadt),2005,121613,100,15004,3517042.0,88491.0,1130,870,0.12337496813663013
Heilbronn (kreisfreie Stadt),2006,121384,97,14628,3626556.0,100050.0,1148,859,0.1205101166545838
Heilbronn (kreisfreie Stadt),2007,121627,94,13411,3641727.0,71887.0,1117,843,0.11026334613202661
Heilbronn (kreisfreie Stadt),2008,122098,96,13251,3301430.0,74304.0,1106,842,0.10852757620927451
Heilbronn (kreisfreie Stadt),2009,122415,88,11964,2600339.0,62987.0,993,839,0.09773312094106114
Heilbronn (kreisfreie Stadt),2010,122879,83,11661,3237354.0,52922.0,1014,859,0.094898233221299
Heilbronn (kreisfreie Stadt),2011,116716,82,11889,3326558.0,60781.0,1123,699,0.10186264094040234
Heilbronn (kreisfreie Stadt),2012,117531,78,11411,3136268.0,73010.0,1026,691,0.09708927857331258
Heilbronn (kreisfreie Stadt),2013,118122,79,11241,2923969.0,78373.0,1031,682,0.0951643216335653
Heilbronn (kreisfreie Stadt),2014,119841,76,10799,2797564.0,74141.0,928,664,0.09011106382623643
Heilbronn (kreisfreie Stadt),2015,122567,75,11354,2980111.0,55515.0,959,681,0.09263504858567151
Heilbronn (kreisfreie Stadt),2016,123771,76,11808,3103631.0,85413.0,971,672,0.09540199238917033
Heilbronn (kreisfreie Stadt),2017,125113,77,11890,3221556.0,78948.0,966,669,0.09503408918337823
Heilbronn (kreisfreie Stadt),2018,125960,81,11935,2916376.0,114085.0,940,650,0.09475230231819626
Heilbronn (kreisfreie Stadt),2019,126592,76,11518,2800405.0,115731.0,929,696,0.09098521233569262
Heilbronn (kreisfreie Stadt),2020,126458,74,11363,2696848.0,80161.0,895,687,0.08985592054278892
Heilbronn (kreisfreie Stadt),2021,125613,74,11661,3033151.0,108623.0,914,716,0.0928327482028134
Heilbronn (kreisfreie Stadt),2022,129931,76,11687,3258122.0,112414.0,873,712,0.08994774149356197
Hohenlohekreis (Landkreis),2003,109755,109,16645,2707174.0,86209.0,854,724,0.15165596100405448
Hohenlohekreis (Landkreis),2004,109756,105,16414,2819684.0,91726.0,912,740,0.14954991071103174
Hohenlohekreis (Landkreis),2005,109718,108,16508,2926480.0,97917.0,927,784,0.15045844802129094
Hohenlohekreis (Landkreis),2006,109717,108,17041,3355093.0,109398.0,972,777,0.15531777208636766
Hohenlohekreis (Landkreis),2007,109900,107,18148,3702260.0,172292.0,1018,762,0.1651319381255687
Hohenlohekreis (Landkreis),2008,109499,109,18552,3737004.0,178232.0,1031,756,0.16942620480552334
Hohenlohekreis (Landkreis),2009,109028,112,17636,3149637.0,127589.0,970,747,0.1617566129801519
Hohenlohekreis (Landkreis),2010,108913,116,18311,3611914.0,96024.0,1055,761,0.16812501721557574
Hohenlohekreis (Landkreis),2011,107200,121,19461,3874844.0,139632.0,1167,642,0.18153917910447762
Hohenlohekreis (Landkreis),2012,107498,127,20281,3848095.0,147614.0,1171,632,0.1886639751437236
Hohenlohekreis (Landkreis),2013,107866,133,20448,3993836.0,175366.0,1202,622,0.18956853874251386
Hohenlohekreis (Landkreis),2014,108816,132,21183,4206095.0,152333.0,1212,603,0.19466806352007057
Hohenlohekreis (Landkreis),2015,110181,132,21070,4137143.0,247422.0,1158,613,0.19123079296793458
Hohenlohekreis (Landkreis),2016,110689,134,21866,4624680.0,197337.0,1207,601,0.19754447144702725
Hohenlohekreis (Landkreis),2017,111392,132,22274,4959244.0,213175.0,1227,596,0.1999604998563631
Hohenlohekreis (Landkreis),2018,112010,135,23265,5383807.0,223407.0,1235,578,0.20770466922596198
Hohenlohekreis (Landkreis),2019,112655,134,23628,5478042.0,173836.0,1249,620,0.20973769473170298
Hohenlohekreis (Landkreis),2020,112765,135,23043,5120265.0,170060.0,1319,612,0.2043453199130936
Hohenlohekreis (Landkreis),2021,113318,134,23476,5619049.0,166999.0,1238,646,0.20716920524541554
Hohenlohekreis (Landkreis),2022,114553,133,23939,6187416.0,214615.0,1185,628,0.20897750386284078
Karlsruhe (Landkreis),2003,427149,329,40486,8708044.0,235167.0,3103,2819,0.09478191450758401
Karlsruhe (Landkreis),2004,428312,318,39894,8454305.0,240143.0,3065,2887,0.09314238218868488
Karlsruhe (Landkreis),2005,429603,323,39308,8300244.0,244258.0,3090,3072,0.09149842994578716
Karlsruhe (Landkreis),2006,430351,322,39210,8864588.0,276084.0,3213,3047,0.09111167395916357
Karlsruhe (Landkreis),2007,431519,317,40887,9385666.0,322672.0,3821,2990,0.09475133192281221
Karlsruhe (Landkreis),2008,431381,321,41377,9210078.0,351672.0,3927,2977,0.09591752997929905
Karlsruhe (Landkreis),2009,431606,310,38381,7285736.0,233506.0,3423,2957,0.08892601122319893
Karlsruhe (Landkreis),2010,432271,310,37569,8187995.0,274244.0,2981,3022,0.08691075737211147
Karlsruhe (Landkreis),2011,424510,312,38788,9265529.0,304326.0,3023,2543,0.09137122800405173
Karlsruhe (Landkreis),2012,427106,302,39002,9171621.0,280140.0,2806,2511,0.09131690961962605
Karlsruhe (Landkreis),2013,429186,303,39104,9110315.0,281219.0,2772,2476,0.0911120120413993
Karlsruhe (Landkreis),2014,431315,304,39257,9977322.0,269375.0,2941,2389,0.09101700613240903
Karlsruhe (Landkreis),2015,435841,299,39164,9949025.0,299155.0,2797,2423,0.08985845755676955
Karlsruhe (Landkreis),2016,440337,296,38362,10277494.0,290488.0,2806,2391,0.08711963791368883
Karlsruhe (Landkreis),2017,442673,299,38717,10782246.0,314088.0,2727,2368,0.08746185107291386
Karlsruhe (Landkreis),2018,444232,304,39059,11128780.0,348948.0,2591,2292,0.08792477804390499
Karlsruhe (Landkreis),2019,445101,309,39611,11003711.0,332995.0,2569,2448,0.08899328467022091
Karlsruhe (Landkreis),2020,446852,318,38525,10303199.0,284067.0,2446,2426,0.08621422752947284
Karlsruhe (Landkreis),2021,448487,311,38923,11485521.0,282700.0,2460,2556,0.08678735392553184
Karlsruhe (Landkreis),2022,453378,307,38442,11094547.0,350694.0,2434,2485,0.08479017508569009
Karlsruhe (kreisfreie Stadt),2003,282595,150,21900,8684529.0,161868.0,6843,1865,0.0774960632707585
Karlsruhe (kreisfreie Stadt),2004,284163,143,20996,8715914.0,219118.0,6798,1915,0.07388717039164142
Karlsruhe (kreisfreie Stadt),2005,285263,136,20696,8709207.0,116535.0,7369,2040,0.07255059366269022
Karlsruhe (kreisfreie Stadt),2006,286327,130,20831,9115747.0,161819.0,7078,2027,0.072752482301704
Karlsruhe (kreisfreie Stadt),2007,288917,128,21073,9357760.0,140930.0,6984,2002,0.07293790258101808
Karlsruhe (kreisfreie Stadt),2008,290736,130,21001,9708829.0,127413.0,7106,2006,0.07223391668042485
Karlsruhe (kreisfreie Stadt),2009,291959,117,19386,8567546.0,190801.0,5793,2000,0.0663997342092554
Karlsruhe (kreisfreie Stadt),2010,294761,109,19195,8672700.0,167876.0,5820,2060,0.06512055529734259
Karlsruhe (kreisfreie Stadt),2011,291995,107,19393,9422329.0,132484.0,5427,1749,0.06641552081371256
Karlsruhe (kreisfreie Stadt),2012,296033,106,19132,9589910.0,163709.0,5220,1741,0.06462792999429118
Karlsruhe (kreisfreie Stadt),2013,299103,106,19174,9522235.0,116708.0,5235,1726,0.0641050073051758
Karlsruhe (kreisfreie Stadt),2014,300051,103,19237,9672439.0,180077.0,5197,1662,0.06411243421951601
Karlsruhe (kreisfreie Stadt),2015,307755,99,18697,9477643.0,208126.0,4728,1711,0.06075287160241101
Karlsruhe (kreisfreie Stadt),2016,309999,97,18590,9728581.0,136035.0,4858,1683,0.05996793538043671
Karlsruhe (kreisfreie Stadt),2017,311919,99,18712,10408401.0,183476.0,4973,1669,0.059989933283961544
Karlsruhe (kreisfreie Stadt),2018,313092,98,18853,10810170.0,142150.0,4815,1616,0.06021552770431694
Karlsruhe (kreisfreie Stadt),2019,312060,98,18672,10569144.0,165150.0,4669,1716,0.059834647183233995
Karlsruhe (kreisfreie Stadt),2020,308436,96,17680,10094278.0,201083.0,4343,1675,0.05732145404557185
Karlsruhe (kreisfreie Stadt),2021,306502,99,17496,11193598.0,185437.0,4360,1747,0.057082824908157206
Karlsruhe (kreisfreie Stadt),2022,306630,100,17747,12151877.0,145769.0,4282,1680,0.057877572318429375
Konstanz (Landkreis),2003,272966,172,22313,4731759.0,166660.0,2008,1802,0.08174278115223141
Konstanz (Landkreis),2004,274096,165,22280,5012339.0,208852.0,2041,1847,0.08128538906076703
Konstanz (Landkreis),2005,274692,166,22161,5172851.0,176765.0,2061,1964,0.08067581145428335
Konstanz (Landkreis),2006,274752,165,22225,5818818.0,155906.0,2169,1945,0.080891130910785
Konstanz (Landkreis),2007,275120,163,21710,6028912.0,154033.0,2148,1907,0.0789110206455365
Konstanz (Landkreis),2008,276240,167,21955,5843823.0,140863.0,2104,1906,0.07947799015348972
Konstanz (Landkreis),2009,277555,159,19891,4674796.0,131309.0,1823,1901,0.07166507539046316
Konstanz (Landkreis),2010,278983,161,19712,5234664.0,106133.0,2031,1950,0.07065663499209629
Konstanz (Landkreis),2011,268263,163,20345,5871293.0,150697.0,2151,1607,0.07583975427099525
Konstanz (Landkreis),2012,270568,167,19935,5531889.0,156124.0,2016,1591,0.07367833594512285
Konstanz (Landkreis),2013,273407,162,19104,5643825.0,158402.0,2058,1578,0.06987385107184527
Konstanz (Landkreis),2014,275785,167,19229,5894455.0,157919.0,2052,1528,0.06972460431132947
Konstanz (Landkreis),2015,280288,165,19182,5953985.0,178707.0,2048,1558,0.06843675077063592
Konstanz (Landkreis),2016,282191,172,19543,5839079.0,190222.0,2090,1532,0.06925451201491188
Konstanz (Landkreis),2017,284015,174,19952,6112426.0,161980.0,2158,1519,0.07024981074943225
Konstanz (Landkreis),2018,285325,171,20747,5852273.0,171345.0,2168,1472,0.07271357224217997
Konstanz (Landkreis),2019,286305,173,20691,5785282.0,194152.0,2067,1575,0.07226908366951328
Konstanz (Landkreis),2020,286876,179,20271,5876912.0,179158.0,1901,1558,0.07066119159497483
Konstanz (Landkreis),2021,288097,176,20144,6930362.0,182259.0,2008,1642,0.06992089469866052
Konstanz (Landkreis),2022,289613,177,20593,7766759.0,178581.0,2016,1587,0.07110523353578742
Ludwigsburg (Landkreis),2003,509681,433,55910,8761327.0,425038.0,3259,3364,0.10969606479346886
Ludwigsburg (Landkreis),2004,511830,406,53204,9085676.0,396152.0,3312,3450,0.1039485766758494
Ludwigsburg (Landkreis),2005,513317,406,53274,9514184.0,332490.0,3317,3670,0.1037838216930279
Ludwigsburg (Landkreis),2006,513998,395,53713,10107005.0,326994.0,3427,3639,0.10450040661636815
Ludwigsburg (Landkreis),2007,515146,386,55085,11110154.0,395865.0,3543,3570,0.10693085067146013
Ludwigsburg (Landkreis),2008,515898,382,56450,11147335.0,413468.0,3474,3560,0.10942085451000004
Ludwigsburg (Landkreis),2009,516874,356,52011,8217436.0,333022.0,2884,3541,0.10062607134427345
Ludwigsburg (Landkreis),2010,517985,340,51519,9778761.0,370507.0,3052,3621,0.09946040908520518
Ludwigsburg (Landkreis),2011,512086,343,53961,11004514.0,344415.0,3188,3067,0.1053748784383873
Ludwigsburg (Landkreis),2012,516748,348,55146,11584883.0,437487.0,3072,3038,0.10671739416504757
Ludwigsburg (Landkreis),2013,521633,361,55426,11470213.0,456042.0,3054,3010,0.10625478065996591
Ludwigsburg (Landkreis),2014,526377,361,55877,12298183.0,474091.0,2968,2916,0.10615395429511548
Ludwigsburg (Landkreis),2015,534074,357,56242,13388771.0,406798.0,3012,2969,0.10530750420353734
Ludwigsburg (Landkreis),2016,537902,359,56489,13785280.0,497774.0,2885,2921,0.10501727080397545
Ludwigsburg (Landkreis),2017,542630,369,58057,15050678.0,523301.0,2853,2903,0.10699187291524612
Ludwigsburg (Landkreis),2018,543984,380,59338,15847940.0,603348.0,2881,2807,0.10908041412982734
Ludwigsburg (Landkreis),2019,545423,373,59409,15572102.0,616083.0,2786,3000,0.10892279936856349
Ludwigsburg (Landkreis),2020,544971,385,57665,13693591.0,626737.0,2641,2959,0.1058129698644515
Ludwigsburg (Landkreis),2021,544679,382,57058,14359151.0,599762.0,2670,3105,0.10475527787926467
Ludwigsburg (Landkreis),2022,532109,376,57516,15997329.0,587685.0,2658,2916,0.10809063556526952
Lörrach (Landkreis),2003,221098,155,21449,3878715.0,208852.0,2437,1459,0.09701128006585315
Lörrach (Landkreis),2004,220689,156,20823,4530742.0,183257.0,2440,1487,0.0943544988649185
Lörrach (Landkreis),2005,221357,156,20323,4367675.0,160477.0,2562,1583,0.09181096599610584
Lörrach (Landkreis),2006,221787,156,20071,4887737.0,153345.0,2628,1570,0.09049673786110096
Lörrach (Landkreis),2007,222528,158,20383,5085301.0,190510.0,2676,1542,0.091597461892436
Lörrach (Landkreis),2008,222596,160,21376,5279700.0,220975.0,2625,1536,0.09603047673812647
Lörrach (Landkreis),2009,222401,156,20019,3866497.0,137579.0,2387,1523,0.09001308447354103
Lörrach (Landkreis),2010,222650,156,19849,4472365.0,132896.0,2585,1556,0.08914888838984954
Lörrach (Landkreis),2011,219481,158,19987,5007572.0,149979.0,2587,1315,0.09106483021309361
Lörrach (Landkreis),2012,220606,161,20459,4929474.0,178123.0,2361,1297,0.09273999800549396
Lörrach (Landkreis),2013,221943,170,20720,5004005.0,188596.0,2357,1281,0.09335730345178717
Lörrach (Landkreis),2014,223692,168,20854,5117964.0,175875.0,2322,1239,0.09322640058652075
Lörrach (Landkreis),2015,226708,170,20614,5277207.0,201896.0,2368,1260,0.09092753674329974
Lörrach (Landkreis),2016,227545,172,20623,4789957.0,179721.0,2348,1236,0.0906326221187018
Lörrach (Landkreis),2017,228314,171,20528,4952793.0,140107.0,2378,1221,0.08991126255945758
Lörrach (Landkreis),2018,228639,173,20739,5057472.0,196284.0,2322,1180,0.09070630994712188
Lörrach (Landkreis),2019,228736,174,20309,4661319.0,219292.0,2153,1258,0.08878794767767208
Lörrach (Landkreis),2020,228842,171,19432,4052823.0,178558.0,2030,1243,0.08491448248136269
Lörrach (Landkreis),2021,229445,159,18808,4149851.0,171816.0,2094,1308,0.08197171435420253
Lörrach (Landkreis),2022,235252,162,19132,4709293.0,196439.0,2061,1289,0.08132555727475219
Main-Tauber-Kreis (Landkreis),2003,137474,142,16429,2300799.0,83188.0,1000,907,0.11950623390604768
Main-Tauber-Kreis (Landkreis),2004,137736,142,16516,2490794.0,44271.0,1025,928,0.11991055352268107
Main-Tauber-Kreis (Landkreis),2005,137259,145,16705,2519083.0,45620.0,989,981,0.1217042234024727
Main-Tauber-Kreis (Landkreis),2006,136296,144,16773,2717936.0,54752.0,1000,965,0.12306303926747666
Main-Tauber-Kreis (Landkreis),2007,135387,142,17994,2884525.0,83733.0,1050,938,0.13290788628154845
Main-Tauber-Kreis (Landkreis),2008,134939,143,18674,3035972.0,88346.0,1054,931,0.13838845700649924
Main-Tauber-Kreis (Landkreis),2009,134211,135,17360,2363373.0,61175.0,927,919,0.12934856308350284
Main-Tauber-Kreis (Landkreis),2010,133351,133,17720,2583628.0,54268.0,1000,932,0.13288239308291652
Main-Tauber-Kreis (Landkreis),2011,130431,135,18361,2933605.0,74642.0,1067,781,0.14077174904738904
Main-Tauber-Kreis (Landkreis),2012,129842,137,18838,2960888.0,91366.0,1006,763,0.1450840251998583
Main-Tauber-Kreis (Landkreis),2013,129857,140,18856,2996855.0,68428.0,1073,749,0.1452058803144998
Main-Tauber-Kreis (Landkreis),2014,130299,141,18943,3055360.0,82742.0,1044,722,0.14538100829630313
Main-Tauber-Kreis (Landkreis),2015,132181,138,18902,3174154.0,83730.0,1055,735,0.14300088514990808
Main-Tauber-Kreis (Landkreis),2016,132274,136,19280,3233660.0,118549.0,1072,718,0.14575804768888823
Main-Tauber-Kreis (Landkreis),2017,132189,135,20010,3432860.0,147475.0,1082,707,0.15137416880375826
Main-Tauber-Kreis (Landkreis),2018,132321,135,20428,3510397.0,106039.0,1097,683,0.15438214644689807
Main-Tauber-Kreis (Landkreis),2019,132399,139,20848,3599705.0,84688.0,1090,728,0.1574634249503395
Main-Tauber-Kreis (Landkreis),2020,132684,138,20132,3291725.0,106266.0,1026,720,0.15172891983961895
Main-Tauber-Kreis (Landkreis),2021,132956,138,19893,3582295.0,99492.0,1087,758,0.14962092722404405
Main-Tauber-Kreis (Landkreis),2022,132793,136,20137,3990538.0,113530.0,1069,728,0.15164202932383483
Mannheim (kreisfreie Stadt),2003,308353,144,44833,11331801.0,421664.0,5333,2035,0.14539505047786142
Mannheim (kreisfreie Stadt),2004,307499,143,42839,11170832.0,400865.0,5599,2073,0.1393142741927616
Mannheim (kreisfreie Stadt),2005,307900,140,42108,11645208.0,383943.0,5541,2201,0.13675868788567716
Mannheim (kreisfreie Stadt),2006,307914,134,41667,12201320.0,482468.0,5475,2180,0.13532025175860793
Mannheim (kreisfreie Stadt),2007,309795,135,42288,14321626.0,441810.0,6180,2147,0.1365031714520893
Mannheim (kreisfreie Stadt),2008,311342,141,43547,16226205.0,503525.0,5637,2148,0.13986869744525313
Mannheim (kreisfreie Stadt),2009,311969,131,41403,14110889.0,506368.0,4953,2137,0.13271510951408633
Mannheim (kreisfreie Stadt),2010,313174,132,39651,14352805.0,453487.0,5049,2189,0.1266101272774879
Mannheim (kreisfreie Stadt),2011,291458,129,39287,15013885.0,481367.0,5284,1746,0.13479472170947443
Mannheim (kreisfreie Stadt),2012,294627,130,39229,13739868.0,507252.0,5275,1732,0.13314801426888914
Mannheim (kreisfreie Stadt),2013,296690,132,39099,14584465.0,474390.0,5144,1712,0.13178401698742795
Mannheim (kreisfreie Stadt),2014,299844,131,39777,14341079.0,496732.0,5323,1661,0.1326589826709889
Mannheim (kreisfreie Stadt),2015,305780,132,39299,14958387.0,491737.0,5039,1700,0.12852050493819087
Mannheim (kreisfreie Stadt),2016,304781,132,39113,15291172.0,583412.0,4997,1655,0.1283314904800496
Mannheim (kreisfreie Stadt),2017,307997,133,38688,17322592.0,452322.0,5087,1648,0.1256116131001276
Mannheim (kreisfreie Stadt),2018,309370,129,38600,16613814.0,439906.0,5137,1596,0.12476969324756763
Mannheim (kreisfreie Stadt),2019,310658,136,38339,16223698.0,424065.0,4910,1709,0.12341224111402249
Mannheim (kreisfreie Stadt),2020,309721,141,38003,17132863.0,400925.0,4494,1682,0.12270075325857788
Mannheim (kreisfreie Stadt),2021,311831,138,37933,19902136.0,429744.0,4527,1777,0.1216460197991861
Mannheim (kreisfreie Stadt),2022,314961,134,37922,19269162.0,498227.0,4533,1726,0.12040220852740498
Neckar-Odenwald-Kreis (Landkreis),2003,150920,135,13522,1819747.0,78413.0,728,996,0.08959713755632123
Neckar-Odenwald-Kreis (Landkreis),2004,151131,139,13394,1845247.0,69315.0,732,1019,0.08862510007873964
Neckar-Odenwald-Kreis (Landkreis),2005,150628,139,13209,1824639.0,80071.0,747,1077,0.08769285922935975
Neckar-Odenwald-Kreis (Landkreis),2006,150022,135,13341,1876649.0,78045.0,816,1062,0.08892695737958432
Neckar-Odenwald-Kreis (Landkreis),2007,149572,138,14029,1967789.0,102418.0,871,1037,0.09379429304950124
Neckar-Odenwald-Kreis (Landkreis),2008,148763,136,14289,2089166.0,82656.0,878,1026,0.09605210973158648
Neckar-Odenwald-Kreis (Landkreis),2009,147782,132,13475,1594793.0,50352.0,769,1012,0.09118160533759186
Neckar-Odenwald-Kreis (Landkreis),2010,147006,134,13718,1638757.0,60953.0,845,1028,0.09331591907813286
Neckar-Odenwald-Kreis (Landkreis),2011,142435,140,14449,2174135.0,63200.0,878,853,0.10144276336574577
Neckar-Odenwald-Kreis (Landkreis),2012,141847,140,14750,2226094.0,85953.0,855,834,0.10398527991427384
Neckar-Odenwald-Kreis (Landkreis),2013,141584,138,14737,2229229.0,83527.0,821,817,0.1040866199570573
Neckar-Odenwald-Kreis (Landkreis),2014,141651,141,15122,2385365.0,104180.0,846,785,0.10675533529590331
Neckar-Odenwald-Kreis (Landkreis),2015,142936,139,15210,2461665.0,84428.0,863,795,0.10641126098393687
Neckar-Odenwald-Kreis (Landkreis),2016,143278,142,15092,2471146.0,99765.0,855,778,0.10533368695822108
Neckar-Odenwald-Kreis (Landkreis),2017,143376,144,15402,2549517.0,111247.0,883,767,0.10742383662537663
Neckar-Odenwald-Kreis (Landkreis),2018,143535,142,15688,2618016.0,124877.0,907,741,0.10929738391333124
Neckar-Odenwald-Kreis (Landkreis),2019,143633,143,15789,2511615.0,104851.0,880,790,0.10992599193778589
Neckar-Odenwald-Kreis (Landkreis),2020,143797,141,15259,2217352.0,86231.0,740,781,0.10611487026850351
Neckar-Odenwald-Kreis (Landkreis),2021,143929,142,14995,2480292.0,99958.0,851,820,0.10418331260552077
Neckar-Odenwald-Kreis (Landkreis),2022,145039,140,14984,2695672.0,77518.0,831,795,0.1033101441681203
Ortenaukreis (Landkreis),2003,414292,439,50091,9338108.0,254984.0,8147,2734,0.12090747588657276
Ortenaukreis (Landkreis),2004,415405,434,49005,10586297.0,256564.0,8303,2800,0.1179692107702122
Ortenaukreis (Landkreis),2005,416410,440,48553,10828468.0,335545.0,8527,2977,0.11659902499939963
Ortenaukreis (Landkreis),2006,416973,438,48533,10997742.0,321945.0,8907,2952,0.11639362740513175
Ortenaukreis (Landkreis),2007,417754,420,50011,12201611.0,362587.0,9235,2895,0.11971399436031732
Ortenaukreis (Landkreis),2008,417613,428,50986,12512076.0,364913.0,9105,2882,0.12208911121061844
Ortenaukreis (Landkreis),2009,417267,415,47831,9969145.0,274316.0,8491,2858,0.11462924218785574
Ortenaukreis (Landkreis),2010,417513,422,48271,11127216.0,215449.0,8566,2918,0.1156155616711336
Ortenaukreis (Landkreis),2011,410408,423,49797,12467667.0,303103.0,8976,2458,0.12133535408666497
Ortenaukreis (Landkreis),2012,411700,419,50102,12319397.0,312446.0,8540,2421,0.12169540927860092
Ortenaukreis (Landkreis),2013,412678,428,50447,12119036.0,306325.0,8911,2381,0.12224300786569674
Ortenaukreis (Landkreis),2014,415639,438,51771,12269306.0,321873.0,8360,2303,0.1245576088865578
Ortenaukreis (Landkreis),2015,420106,431,52507,12457781.0,407060.0,8974,2336,0.12498512280234036
Ortenaukreis (Landkreis),2016,423359,423,52538,12692214.0,406695.0,9236,2299,0.12409798775979725
Ortenaukreis (Landkreis),2017,425932,428,54355,13421418.0,457272.0,9015,2279,0.12761426706610446
Ortenaukreis (Landkreis),2018,429479,428,56412,14251739.0,558596.0,8852,2216,0.13134984481196985
Ortenaukreis (Landkreis),2019,430953,432,56589,13876256.0,585401.0,8509,2370,0.1313113030887359
Ortenaukreis (Landkreis),2020,432580,434,54627,12542673.0,394717.0,8487,2349,0.12628184382079616
Ortenaukreis (Landkreis),2021,434535,440,54508,13950221.0,353582.0,8841,2477,0.125439837987734
Ortenaukreis (Landkreis),2022,440768,437,55443,15429897.0,386844.0,8379,2415,0.12578726223319298
Ostalbkreis (Landkreis),2003,316812,266,40883,6350932.0,297075.0,4027,2091,0.12904498566973474
Ostalbkreis (Landkreis),2004,317056,260,40443,6940486.0,277640.0,4149,2137,0.12755790775131207
Ostalbkreis (Landkreis),2005,316760,265,40363,7354798.0,263708.0,4286,2265,0.12742454855411037
Ostalbkreis (Landkreis),2006,315661,269,40429,8150779.0,305900.0,4382,2235,0.12807727277047212
Ostalbkreis (Landkreis),2007,314624,267,41619,8967446.0,416973.0,4664,2180,0.13228170768917819
Ostalbkreis (Landkreis),2008,313576,267,43296,8977191.0,434247.0,4477,2164,0.13807179120851085
Ostalbkreis (Landkreis),2009,312129,258,40503,7094729.0,267681.0,3954,2138,0.1297636554117048
Ostalbkreis (Landkreis),2010,310733,257,40513,9083858.0,251066.0,4201,2172,0.1303788139656876
Ostalbkreis (Landkreis),2011,306425,257,42235,10416149.0,444086.0,4587,1835,0.1378314432569144
Ostalbkreis (Landkreis),2012,306484,255,43705,10351316.0,574733.0,4529,1802,0.14260124508946634
Ostalbkreis (Landkreis),2013,306933,260,44501,10680728.0,541131.0,4361,1771,0.1449860392984788
Ostalbkreis (Landkreis),2014,308205,259,43825,10848390.0,405334.0,4417,1707,0.14219431871643873
Ostalbkreis (Landkreis),2015,312650,256,44627,11033003.0,421417.0,4294,1738,0.1427378858148089
Ostalbkreis (Landkreis),2016,311587,259,44988,11408468.0,399781.0,4474,1692,0.14438343063093134
Ostalbkreis (Landkreis),2017,312422,261,46018,12336427.0,412125.0,4520,1671,0.1472943646734225
Ostalbkreis (Landkreis),2018,314002,264,46461,12933331.0,561699.0,4552,1620,0.14796402570684264
Ostalbkreis (Landkreis),2019,314025,263,46470,12979221.0,679220.0,4193,1727,0.1479818485789348
Ostalbkreis (Landkreis),2020,314294,268,45167,12302089.0,975116.0,3899,1707,0.14370939311599967
Ostalbkreis (Landkreis),2021,315009,266,44906,13474016.0,828381.0,4232,1796,0.14255465716852533
Ostalbkreis (Landkreis),2022,316343,264,46334,14577601.0,758184.0,4367,1734,0.14646760004172685
Pforzheim (kreisfreie Stadt),2003,119046,129,13148,1676328.0,57463.0,556,786,0.11044470204794785
Pforzheim (kreisfreie Stadt),2004,118847,125,12890,1839032.0,68953.0,577,801,0.10845877472717022
Pforzheim (kreisfreie Stadt),2005,119021,119,12509,1838626.0,60863.0,571,851,0.1050991001587955
Pforzheim (kreisfreie Stadt),2006,119156,120,12626,2095172.0,76310.0,652,844,0.10596193225687334
Pforzheim (kreisfreie Stadt),2007,119423,118,13081,2306584.0,83184.0,724,828,0.10953501419324586
Pforzheim (kreisfreie Stadt),2008,119839,119,13523,2458269.0,77100.0,715,827,0.11284306444479678
Pforzheim (kreisfreie Stadt),2009,119788,117,12252,2168077.0,63139.0,598,821,0.10228069589608307
Pforzheim (kreisfreie Stadt),2010,119781,113,12479,2788835.0,52108.0,672,837,0.1041817984488358
Pforzheim (kreisfreie Stadt),2011,115211,108,12846,5204763.0,84547.0,700,690,0.1114997699872408
Pforzheim (kreisfreie Stadt),2012,116425,110,13338,5328480.0,108063.0,696,685,0.11456302340562594
Pforzheim (kreisfreie Stadt),2013,117754,108,13465,4072437.0,106203.0,705,679,0.11434855716154016
Pforzheim (kreisfreie Stadt),2014,119291,109,13495,3719469.0,107098.0,719,661,0.11312672372601454
Pforzheim (kreisfreie Stadt),2015,122247,108,12923,3846699.0,73691.0,709,680,0.10571220561649775
Pforzheim (kreisfreie Stadt),2016,123493,108,12571,3550897.0,68102.0,713,671,0.10179524345509462
Pforzheim (kreisfreie Stadt),2017,124289,110,12856,3430030.0,104881.0,729,665,0.10343634593568216
Pforzheim (kreisfreie Stadt),2018,125542,110,13473,3404079.0,98834.0,765,648,0.10731866626308327
Pforzheim (kreisfreie Stadt),2019,125957,108,13489,3840691.0,81162.0,737,693,0.10709210286050001
Pforzheim (kreisfreie Stadt),2020,126016,108,12980,4271821.0,68089.0,695,684,0.10300279329608938
Pforzheim (kreisfreie Stadt),2021,125529,107,12849,5057039.0,77593.0,725,716,0.10235881748440599
Pforzheim (kreisfreie Stadt),2022,133896,103,13174,6319959.0,79088.0,702,734,0.09838979506482644
Rastatt (Landkreis),2003,226669,186,35336,7369536.0,542436.0,5612,1496,0.15589251287119102
Rastatt (Landkreis),2004,227549,181,36489,8195485.0,502746.0,4509,1534,0.16035667043142357
Rastatt (Landkreis),2005,228408,185,38329,11176233.0,328780.0,4956,1633,0.1678093586914644
Rastatt (Landkreis),2006,228006,183,37743,11850546.0,259233.0,4281,1614,0.16553511749690797
Rastatt (Landkreis),2007,227929,184,38330,11771719.0,294554.0,4769,1580,0.16816640269557626
Rastatt (Landkreis),2008,227111,183,38111,11568425.0,431564.0,4189,1567,0.167807812039047
Rastatt (Landkreis),2009,226912,162,35357,9277069.0,246797.0,3765,1554,0.1558181145113524
Rastatt (Landkreis),2010,226789,157,35138,10853311.0,388253.0,4303,1585,0.15493696784235567
Rastatt (Landkreis),2011,222201,155,36340,10526725.0,544818.0,4147,1331,0.16354561860657693
Rastatt (Landkreis),2012,222472,154,37234,12078934.0,480301.0,4134,1308,0.167364881872775
Rastatt (Landkreis),2013,223311,161,37492,15457922.0,411651.0,4151,1289,0.16789141600727236
Rastatt (Landkreis),2014,224687,161,38279,18426981.0,322664.0,4157,1245,0.17036588676692466
Rastatt (Landkreis),2015,227474,162,37973,21867241.0,345346.0,4236,1265,0.1669333638130072
Rastatt (Landkreis),2016,228907,165,38821,20936600.0,526645.0,4076,1243,0.16959289143626013
Rastatt (Landkreis),2017,230216,172,40167,21921555.0,725879.0,4293,1232,0.17447527539354346
Rastatt (Landkreis),2018,231018,174,40551,20766920.0,800480.0,4231,1192,0.17553177674466924
Rastatt (Landkreis),2019,231420,173,40411,22086484.0,580619.0,3875,1273,0.17462189957652752
Rastatt (Landkreis),2020,232091,181,39135,20101920.0,331091.0,3579,1260,0.16861920539788272
Rastatt (Landkreis),2021,232296,177,38074,19022790.0,261083.0,3654,1324,0.1639029514068258
Rastatt (Landkreis),2022,230698,172,37242,23115233.0,359167.0,3419,1264,0.16143182862443542
Ravensburg (Landkreis),2003,273681,228,28283,5155797.0,156873.0,3110,1806,0.10334294306144745
Ravensburg (Landkreis),2004,275079,221,27631,5314651.0,163642.0,3138,1854,0.10044750780684822
Ravensburg (Landkreis),2005,275677,227,27087,5530833.0,128282.0,3312,1971,0.09825629269035864
Ravensburg (Landkreis),2006,275900,229,27245,5711560.0,268517.0,3324,1953,0.09874954693729612
Ravensburg (Landkreis),2007,276470,222,27706,6031523.0,221526.0,3453,1916,0.10021340470937172
Ravensburg (Landkreis),2008,276474,224,28058,6039281.0,169761.0,2608,1908,0.10148513060902653
Ravensburg (Landkreis),2009,276363,213,26548,5033922.0,143223.0,2486,1893,0.09606206330080365
Ravensburg (Landkreis),2010,276965,216,26962,5478255.0,145382.0,2575,1936,0.09734804036611124
Ravensburg (Landkreis),2011,270129,226,28249,6045911.0,179543.0,2587,1618,0.10457596185526175
Ravensburg (Landkreis),2012,272425,226,28828,6089275.0,164885.0,2652,1602,0.10581995044507662
Ravensburg (Landkreis),2013,273540,229,29732,6566950.0,160458.0,2579,1578,0.10869342692110844
Ravensburg (Landkreis),2014,275339,235,30478,6715885.0,224474.0,2574,1525,0.11069263707647664
Ravensburg (Landkreis),2015,279296,237,30788,6769615.0,273025.0,2575,1553,0.11023430339138406
Ravensburg (Landkreis),2016,281627,240,31284,7063414.0,353014.0,2209,1529,0.11108309927670287
Ravensburg (Landkreis),2017,283264,247,32491,7292919.0,304905.0,2272,1515,0.11470218594667872
Ravensburg (Landkreis),2018,284285,254,33321,7711155.0,308544.0,2296,1467,0.11720984223578451
Ravensburg (Landkreis),2019,285424,260,34709,8263002.0,312958.0,2268,1570,0.12160505073154325
Ravensburg (Landkreis),2020,285888,264,34716,8057950.0,315172.0,2241,1552,0.12143216924110141
Ravensburg (Landkreis),2021,287011,256,35374,8921825.0,330888.0,2244,1636,0.12324963154722293
Ravensburg (Landkreis),2022,287393,254,35814,9764812.0,335872.0,2162,1575,0.12461681390987255
Rems-Murr-Kreis (Landkreis),2003,416635,356,43111,6564712.0,233438.0,1842,2750,0.10347426404406734
Rems-Murr-Kreis (Landkreis),2004,417463,351,42435,6654240.0,264130.0,1911,2814,0.10164972704167795
Rems-Murr-Kreis (Landkreis),2005,417697,344,41681,7353447.0,224507.0,1851,2987,0.0997876451111691
Rems-Murr-Kreis (Landkreis),2006,417609,339,41567,7912910.0,247550.0,1925,2957,0.09953569008330759
Rems-Murr-Kreis (Landkreis),2007,417131,334,41880,7861710.0,286112.0,2089,2891,0.10040011411283266
Rems-Murr-Kreis (Landkreis),2008,416255,327,41827,7415505.0,307566.0,2079,2872,0.1004840782693301
Rems-Murr-Kreis (Landkreis),2009,415696,315,37805,5863657.0,216688.0,1707,2848,0.09094386282283207
Rems-Murr-Kreis (Landkreis),2010,415448,317,38544,6545580.0,207227.0,3784,2904,0.09277695403516205
Rems-Murr-Kreis (Landkreis),2011,407150,317,38528,7329589.0,245085.0,4979,2439,0.09462851528920545
Rems-Murr-Kreis (Landkreis),2012,408827,317,38588,7446642.0,242806.0,4886,2404,0.09438711239717533
Rems-Murr-Kreis (Landkreis),2013,411025,326,39210,7652942.0,217960.0,1927,2372,0.09539565719846725
Rems-Murr-Kreis (Landkreis),2014,414016,328,39619,7834568.0,305047.0,1954,2294,0.09569436929973721
Rems-Murr-Kreis (Landkreis),2015,419456,327,39877,8102678.0,349702.0,1976,2332,0.09506837427525175
Rems-Murr-Kreis (Landkreis),2016,422698,329,40750,8192912.0,299339.0,2014,2295,0.0964045252165849
Rems-Murr-Kreis (Landkreis),2017,424878,337,41988,8632423.0,285631.0,2101,2273,0.09882366232189005
Rems-Murr-Kreis (Landkreis),2018,426158,331,42386,9014832.0,376819.0,2075,2199,0.09946076337884072
Rems-Murr-Kreis (Landkreis),2019,427248,326,42536,8760855.0,318186.0,1990,2350,0.09955810208590796
Rems-Murr-Kreis (Landkreis),2020,427286,338,41197,8226626.0,293834.0,1773,2320,0.09641551560313233
Rems-Murr-Kreis (Landkreis),2021,427316,339,41067,9398122.0,287510.0,1861,2436,0.09610452218030685
Rems-Murr-Kreis (Landkreis),2022,438079,332,41344,9964925.0,282806.0,1830,2401,0.09437567196784141
Reutlingen (Landkreis),2003,281690,262,34306,5818807.0,214070.0,2091,1859,0.12178636089318044
Reutlingen (Landkreis),2004,281779,260,34196,6365041.0,266293.0,2121,1899,0.12135751777101914
Reutlingen (Landkreis),2005,282049,257,34284,6398090.0,283109.0,2334,2017,0.12155334711344483
Reutlingen (Landkreis),2006,281891,251,34358,6897027.0,285156.0,2346,1996,0.12188399062048806
Reutlingen (Landkreis),2007,281580,245,34925,7598511.0,321908.0,2426,1951,0.1240322466084239
Reutlingen (Landkreis),2008,281080,248,35247,7817650.0,421554.0,2336,1939,0.12539846307101182
Reutlingen (Landkreis),2009,280927,234,31820,4989019.0,262329.0,2080,1924,0.11326785962189466
Reutlingen (Landkreis),2010,280931,228,31195,6044165.0,284728.0,2189,1964,0.11104150129391203
Reutlingen (Landkreis),2011,273646,229,32012,6586809.0,368746.0,2263,1639,0.11698325573916667
Reutlingen (Landkreis),2012,274691,235,32978,7432459.0,375478.0,2307,1615,0.12005489804908061
Reutlingen (Landkreis),2013,276019,240,33303,7679199.0,398755.0,2343,1593,0.12065473753618411
Reutlingen (Landkreis),2014,278031,235,33341,8111446.0,389979.0,2351,1540,0.11991828249367877
Reutlingen (Landkreis),2015,282113,234,34409,8832126.0,401278.0,2436,1569,0.12196885645113838
Reutlingen (Landkreis),2016,284082,243,35165,9347345.0,452638.0,2381,1543,0.123784681887624
Reutlingen (Landkreis),2017,285754,238,35387,10046706.0,357413.0,2280,1529,0.12383728661716022
Reutlingen (Landkreis),2018,286748,240,36215,10684951.0,426122.0,2316,1480,0.12629556265431668
Reutlingen (Landkreis),2019,287034,245,36390,10576546.0,412625.0,2233,1579,0.1267794059240369
Reutlingen (Landkreis),2020,287497,251,34790,10568096.0,280080.0,2129,1561,0.12100995836478294
Reutlingen (Landkreis),2021,288158,242,34615,12457316.0,414579.0,2206,1643,0.12012507027394694
Reutlingen (Landkreis),2022,291335,248,35772,15352745.0,483811.0,2255,1597,0.12278648291485747
Rhein-Neckar-Kreis (Landkreis),2003,531649,305,38471,7296771.0,242833.0,3627,3509,0.07236165214267308
Rhein-Neckar-Kreis (Landkreis),2004,532788,303,37970,7706855.0,233600.0,3723,3591,0.07126662011907176
Rhein-Neckar-Kreis (Landkreis),2005,533993,308,37587,8013860.0,211212.0,3768,3818,0.07038856314595884
Rhein-Neckar-Kreis (Landkreis),2006,534220,294,36927,8218022.0,210023.0,3650,3782,0.06912320766725319
Rhein-Neckar-Kreis (Landkreis),2007,534989,288,37701,8458040.0,226727.0,3754,3707,0.07047060780688949
Rhein-Neckar-Kreis (Landkreis),2008,535284,287,37971,8434266.0,248743.0,3675,3693,0.0709361759365122
Rhein-Neckar-Kreis (Landkreis),2009,536281,270,34471,6486660.0,209081.0,3143,3674,0.06427786925138128
Rhein-Neckar-Kreis (Landkreis),2010,537625,264,33341,7013148.0,170565.0,3356,3758,0.0620153452685422
Rhein-Neckar-Kreis (Landkreis),2011,525204,264,33406,7507527.0,185681.0,3467,3146,0.06360576080913322
Rhein-Neckar-Kreis (Landkreis),2012,527287,270,33394,7337725.0,154843.0,3285,3100,0.06333173395133959
Rhein-Neckar-Kreis (Landkreis),2013,531013,270,32669,7334936.0,174526.0,3303,3064,0.06152203430047852
Rhein-Neckar-Kreis (Landkreis),2014,534729,270,31996,7155852.0,184151.0,3063,2962,0.05983591688500156
Rhein-Neckar-Kreis (Landkreis),2015,541859,263,31726,7149410.0,230384.0,3002,3013,0.0585502870672998
Rhein-Neckar-Kreis (Landkreis),2016,544400,263,31378,7094437.0,175221.0,2993,2956,0.05763776634827333
Rhein-Neckar-Kreis (Landkreis),2017,546745,265,31734,7414019.0,203780.0,3029,2925,0.058041683051513956
Rhein-Neckar-Kreis (Landkreis),2018,547625,271,32217,7679203.0,250699.0,3050,2826,0.05883040401734764
Rhein-Neckar-Kreis (Landkreis),2019,548355,274,33301,7594795.0,258380.0,2886,3016,0.060728907368401856
Rhein-Neckar-Kreis (Landkreis),2020,548233,280,32459,6978872.0,224342.0,2617,2977,0.0592065782249518
Rhein-Neckar-Kreis (Landkreis),2021,549030,277,31946,7806665.0,243134.0,2780,3129,0.058186255760158824
Rhein-Neckar-Kreis (Landkreis),2022,556316,272,32406,8958595.0,275993.0,2626,3049,0.05825106594094004
Rottweil (Landkreis),2003,142322,189,20318,3048434.0,114330.0,1464,939,0.14276078188895602
Rottweil (Landkreis),2004,142357,181,20394,3290356.0,127410.0,1646,959,0.14325955169046833
Rottweil (Landkreis),2005,142148,180,20672,3411042.0,143069.0,1652,1016,0.14542589413850354
Rottweil (Landkreis),2006,141765,180,20804,3735549.0,186246.0,1721,1004,0.1467499030085
Rottweil (Landkreis),2007,141551,182,21768,4260032.0,173045.0,1690,981,0.15378202909198804
Rottweil (Landkreis),2008,141073,188,22124,4272373.0,175251.0,1760,973,0.156826607501081
Rottweil (Landkreis),2009,140307,181,20510,3318154.0,119252.0,1443,961,0.14617944935035315
Rottweil (Landkreis),2010,139316,180,20776,4048606.0,120656.0,1637,974,0.14912859973010997
Rottweil (Landkreis),2011,136049,176,21458,4565692.0,127311.0,1675,815,0.157722585245022
Rottweil (Landkreis),2012,135553,178,21484,4595825.0,140125.0,1673,797,0.15849151254490865
Rottweil (Landkreis),2013,135319,181,21690,4678204.0,143785.0,1671,781,0.1602879122665701
Rottweil (Landkreis),2014,135912,178,22285,4788857.0,163339.0,1684,753,0.16396639001706986
Rottweil (Landkreis),2015,137500,174,22655,4962119.0,158355.0,1739,765,0.16476363636363636
Rottweil (Landkreis),2016,138327,179,23057,5087682.0,173254.0,1782,751,0.1666847397832672
Rottweil (Landkreis),2017,138858,183,23922,5384094.0,214262.0,1843,743,0.1722767143412695
Rottweil (Landkreis),2018,139455,185,25163,5706066.0,259391.0,1842,720,0.18043813416514287
Rottweil (Landkreis),2019,139878,185,25238,5417272.0,237552.0,1732,769,0.18042865926021248
Rottweil (Landkreis),2020,140166,187,24346,4885503.0,184887.0,1601,761,0.17369404848536735
Rottweil (Landkreis),2021,140446,187,24804,5784774.0,233580.0,1737,801,0.17660880338350682
Rottweil (Landkreis),2022,139968,186,25250,6599261.0,257968.0,1677,767,0.18039837677183357
Schwarzwald-Baar-Kreis (Landkreis),2003,211807,287,28389,3860932.0,129738.0,1360,1398,0.1340323974184045
Schwarzwald-Baar-Kreis (Landkreis),2004,211712,279,27742,3971877.0,170072.0,1412,1427,0.1310365024183797
Schwarzwald-Baar-Kreis (Landkreis),2005,211320,272,27697,4053166.0,159167.0,1469,1511,0.1310666288093886
Schwarzwald-Baar-Kreis (Landkreis),2006,210617,275,27992,4488288.0,175154.0,1550,1491,0.13290475127838683
Schwarzwald-Baar-Kreis (Landkreis),2007,209709,271,29101,4709662.0,177690.0,1726,1453,0.13876848394680247
Schwarzwald-Baar-Kreis (Landkreis),2008,208691,272,29667,4758999.0,163285.0,1622,1440,0.1421575439285834
Schwarzwald-Baar-Kreis (Landkreis),2009,207259,271,27753,3625943.0,131448.0,1328,1420,0.1339049208960769
Schwarzwald-Baar-Kreis (Landkreis),2010,206535,264,27611,4461606.0,164129.0,1594,1444,0.13368678432226982
Schwarzwald-Baar-Kreis (Landkreis),2011,203978,262,29063,5155195.0,163029.0,1703,1222,0.14248105187814372
Schwarzwald-Baar-Kreis (Landkreis),2012,204585,263,29576,4904619.0,196321.0,1673,1203,0.14456582838429013
Schwarzwald-Baar-Kreis (Landkreis),2013,205090,268,29462,4957139.0,148970.0,1712,1183,0.14365400555853527
Schwarzwald-Baar-Kreis (Landkreis),2014,206116,265,29897,5123209.0,203640.0,1760,1142,0.14504938966407266
Schwarzwald-Baar-Kreis (Landkreis),2015,209648,265,30634,5404609.0,174313.0,1775,1166,0.14612111730138136
Schwarzwald-Baar-Kreis (Landkreis),2016,210084,270,30951,5463009.0,186430.0,1792,1141,0.14732678357228537
Schwarzwald-Baar-Kreis (Landkreis),2017,211207,266,31822,5841862.0,215233.0,1817,1130,0.15066735477517318
Schwarzwald-Baar-Kreis (Landkreis),2018,212381,275,33266,6051483.0,258056.0,1874,1096,0.1566335971673549
Schwarzwald-Baar-Kreis (Landkreis),2019,212506,276,32874,5871260.0,208618.0,1777,1169,0.15469680856069945
Schwarzwald-Baar-Kreis (Landkreis),2020,212872,279,31033,5271331.0,186298.0,1596,1156,0.1457824420308918
Schwarzwald-Baar-Kreis (Landkreis),2021,213385,277,31237,6058391.0,207799.0,1748,1216,0.14638798416008622
Schwarzwald-Baar-Kreis (Landkreis),2022,212293,270,31520,6620273.0,214589.0,1720,1163,0.14847404295007371
Schwäbisch Hall (Landkreis),2003,188563,199,20257,3132758.0,100181.0,1456,1245,0.10742828656735415
Schwäbisch Hall (Landkreis),2004,189041,202,20418,3430239.0,101422.0,1509,1274,0.108008315656392
Schwäbisch Hall (Landkreis),2005,189580,207,21002,3637982.0,90316.0,1657,1355,0.11078172803038296
Schwäbisch Hall (Landkreis),2006,189346,204,21617,4135387.0,148567.0,1741,1341,0.11416665786443865
Schwäbisch Hall (Landkreis),2007,189288,208,23431,4605498.0,164903.0,1858,1312,0.1237849203330375
Schwäbisch Hall (Landkreis),2008,189158,206,23984,4817936.0,142922.0,1961,1305,0.12679347423846732
Schwäbisch Hall (Landkreis),2009,188694,198,23134,4294022.0,119199.0,1677,1293,0.12260061263209217
Schwäbisch Hall (Landkreis),2010,188420,203,23368,4800093.0,127971.0,1828,1317,0.12402080458550048
Schwäbisch Hall (Landkreis),2011,186427,213,25218,5487505.0,148146.0,1828,1117,0.1352701057250291
Schwäbisch Hall (Landkreis),2012,186928,213,25882,5515317.0,189219.0,1624,1099,0.13845972780963794
Schwäbisch Hall (Landkreis),2013,187682,211,26159,5683617.0,164890.0,1775,1083,0.1393793757526028
Schwäbisch Hall (Landkreis),2014,188974,213,26738,5807290.0,151338.0,1771,1047,0.1414903637537439
Schwäbisch Hall (Landkreis),2015,191614,214,27224,5739019.0,181342.0,1721,1065,0.14207730124103668
Schwäbisch Hall (Landkreis),2016,192958,216,27921,6067683.0,166623.0,1787,1048,0.1446998828760663
Schwäbisch Hall (Landkreis),2017,194203,222,29173,6383876.0,164412.0,1855,1039,0.1502191006318131
Schwäbisch Hall (Landkreis),2018,195861,233,30814,6897879.0,189259.0,1912,1011,0.15732585864465104
Schwäbisch Hall (Landkreis),2019,196761,235,31633,7000878.0,210356.0,1860,1082,0.16076864825854717
Schwäbisch Hall (Landkreis),2020,197860,238,31313,6796794.0,192737.0,1912,1074,0.15825836450015163
Schwäbisch Hall (Landkreis),2021,199398,235,31982,7370694.0,169892.0,1861,1137,0.16039278227464668
Schwäbisch Hall (Landkreis),2022,198650,230,32326,8182966.0,200554.0,1798,1089,0.16272841681349107
Sigmaringen (Landkreis),2003,133889,146,13226,1894990.0,66440.0,750,884,0.0987833205117672
Sigmaringen (Landkreis),2004,133732,143,13147,1990621.0,64274.0,797,901,0.09830855741333414
Sigmaringen (Landkreis),2005,133385,145,13336,2110964.0,70659.0,859,954,0.09998125726281067
Sigmaringen (Landkreis),2006,133078,143,13485,2394566.0,75499.0,905,942,0.10133154991809315
Sigmaringen (Landkreis),2007,132419,144,14471,2604129.0,72528.0,958,918,0.10928190063359487
Sigmaringen (Landkreis),2008,131695,144,14961,2894136.0,131069.0,970,909,0.11360340179961274
Sigmaringen (Landkreis),2009,131059,146,14071,2251899.0,87226.0,833,898,0.10736385902532447
Sigmaringen (Landkreis),2010,130215,142,13772,2471122.0,62928.0,896,910,0.10576354490650079
Sigmaringen (Landkreis),2011,127409,140,14010,2550086.0,78479.0,954,763,0.10996083479189069
Sigmaringen (Landkreis),2012,127272,142,14405,2540302.0,99957.0,950,748,0.11318278961594067
Sigmaringen (Landkreis),2013,127101,149,14840,2561263.0,79959.0,974,733,0.11675753927978537
Sigmaringen (Landkreis),2014,127716,154,15391,2724567.0,85933.0,1020,708,0.12050956810423126
Sigmaringen (Landkreis),2015,130772,156,15915,2775675.0,110881.0,1049,727,0.12170036399229192
Sigmaringen (Landkreis),2016,130275,159,16194,2755201.0,116289.0,1079,707,0.1243062751871042
Sigmaringen (Landkreis),2017,130192,160,16511,2930265.0,110255.0,1093,697,0.12682038834951456
Sigmaringen (Landkreis),2018,130873,159,16834,3095802.0,110579.0,1100,675,0.12862851772328898
Sigmaringen (Landkreis),2019,130849,163,17043,3128646.0,122050.0,1046,720,0.13024937141284992
Sigmaringen (Landkreis),2020,130946,164,16250,2889900.0,102428.0,940,711,0.12409695599712858
Sigmaringen (Landkreis),2021,131725,161,16487,4225469.0,124524.0,1030,751,0.12516226988043272
Sigmaringen (Landkreis),2022,132507,159,16704,4705651.0,124615.0,1007,726,0.12606126468790327
Stuttgart (kreisfreie Stadt),2003,589161,248,80746,16317557.0,1243342.0,5657,3888,0.13705252044857008
Stuttgart (kreisfreie Stadt),2004,590657,240,78907,19210007.0,1112790.0,6052,3981,0.13359191544331142
Stuttgart (kreisfreie Stadt),2005,592569,238,76102,20697988.0,683345.0,5909,4237,0.12842723800941325
Stuttgart (kreisfreie Stadt),2006,593923,232,71861,21304236.0,879463.0,5610,4205,0.12099379885944811
Stuttgart (kreisfreie Stadt),2007,597176,226,69799,22630989.0,1029724.0,5600,4138,0.11688179029297896
Stuttgart (kreisfreie Stadt),2008,600068,225,70448,20973227.0,1125825.0,5291,4140,0.11740002799682703
Stuttgart (kreisfreie Stadt),2009,601646,177,62381,14047669.0,1116994.0,3969,4121,0.10368389385120154
Stuttgart (kreisfreie Stadt),2010,606588,175,60710,17410078.0,1118935.0,4155,4240,0.10008440654942069
Stuttgart (kreisfreie Stadt),2011,591015,164,61629,19884808.0,1201586.0,4216,3540,0.10427654120453796
Stuttgart (kreisfreie Stadt),2012,597939,158,63414,22570784.0,1352641.0,4084,3516,0.10605429650850672
Stuttgart (kreisfreie Stadt),2013,604297,158,64908,23881894.0,1518431.0,4170,3487,0.10741075994089
Stuttgart (kreisfreie Stadt),2014,612441,150,66891,29871170.0,1125032.0,4258,3393,0.10922031673255056
Stuttgart (kreisfreie Stadt),2015,623738,146,68697,30571073.0,1431847.0,4282,3468,0.1101375898213673
Stuttgart (kreisfreie Stadt),2016,628032,144,70502,30826020.0,2124038.0,4077,3410,0.11225861102618975
Stuttgart (kreisfreie Stadt),2017,632743,145,71489,30794807.0,2398613.0,4030,3385,0.11298268017188653
Stuttgart (kreisfreie Stadt),2018,634830,148,75334,32682043.0,2172023.0,4116,3276,0.11866798985555188
Stuttgart (kreisfreie Stadt),2019,635911,147,77112,33411760.0,2177275.0,4000,3498,0.12126225210760626
Stuttgart (kreisfreie Stadt),2020,630305,149,70450,31909390.0,1457990.0,3030,3423,0.11177128533011796
Stuttgart (kreisfreie Stadt),2021,626275,139,68653,36065456.0,1429213.0,3448,3570,0.10962117280747276
Stuttgart (kreisfreie Stadt),2022,612041,135,66184,41383353.0,1489903.0,3189,3354,0.1081365464078387
Tuttlingen (Landkreis),2003,134614,233,25233,3588898.0,172900.0,1452,888,0.18744707088415766
Tuttlingen (Landkreis),2004,135035,231,25568,3905671.0,163991.0,1299,910,0.18934350353612026
Tuttlingen (Landkreis),2005,135297,232,26196,4169285.0,189665.0,1378,967,0.19361848378012816
Tuttlingen (Landkreis),2006,135291,240,26981,4626376.0,184986.0,1485,958,0.19942937815523576
Tuttlingen (Landkreis),2007,135306,240,28804,5098541.0,246550.0,1595,938,0.2128804339792766
Tuttlingen (Landkreis),2008,135141,246,29875,5304576.0,244252.0,1716,932,0.22106540576138994
Tuttlingen (Landkreis),2009,134712,247,27728,3997777.0,126345.0,1304,923,0.20583170021972802
Tuttlingen (Landkreis),2010,134189,246,28367,4928174.0,181082.0,1600,938,0.21139586702337748
Tuttlingen (Landkreis),2011,132192,258,30639,5694359.0,249141.0,1776,792,0.2317765068990559
Tuttlingen (Landkreis),2012,132476,261,31112,5795621.0,257060.0,1786,779,0.23485008605332286
Tuttlingen (Landkreis),2013,133198,258,31617,5976006.0,278555.0,1874,769,0.23736842895538973
Tuttlingen (Landkreis),2014,134607,262,32109,6383689.0,358042.0,1981,746,0.23853885756312823
Tuttlingen (Landkreis),2015,136606,261,32955,6783230.0,259861.0,1964,760,0.24124123391359092
Tuttlingen (Landkreis),2016,138119,269,33823,7086532.0,289552.0,2008,750,0.24488303564317726
Tuttlingen (Landkreis),2017,139397,271,34653,7575088.0,305624.0,2088,746,0.24859215047669606
Tuttlingen (Landkreis),2018,140152,275,36267,8054565.0,357889.0,2236,723,0.2587690507449055
Tuttlingen (Landkreis),2019,140766,282,36929,8005897.0,269632.0,2252,774,0.26234317946094937
Tuttlingen (Landkreis),2020,141682,285,35667,6799063.0,225034.0,1933,769,0.25173981169096993
Tuttlingen (Landkreis),2021,142414,287,36073,7847984.0,236693.0,2152,812,0.2532967264454337
Tuttlingen (Landkreis),2022,143677,284,36526,8620982.0,264890.0,2119,787,0.2542230141219541
Tübingen (Landkreis),2003,214365,159,14328,2191125.0,59965.0,571,1415,0.06683926947029599
Tübingen (Landkreis),2004,215835,150,14060,2362873.0,52564.0,610,1455,0.06514235411309566
Tübingen (Landkreis),2005,216477,149,14011,2602297.0,56685.0,631,1548,0.06472281119934219
Tübingen (Landkreis),2006,217172,147,14322,2850531.0,85884.0,666,1538,0.06594772806807507
Tübingen (Landkreis),2007,217482,148,14695,2914223.0,100704.0,679,1507,0.06756881029234603
Tübingen (Landkreis),2008,218692,149,15260,2940506.0,112478.0,976,1509,0.06977850127119418
Tübingen (Landkreis),2009,220782,131,13336,2059979.0,56480.0,579,1512,0.06040347492096276
Tübingen (Landkreis),2010,221304,126,12942,2242379.0,72870.0,624,1547,0.058480642012796874
Tübingen (Landkreis),2011,212800,130,14121,2561607.0,99988.0,699,1275,0.06635808270676692
Tübingen (Landkreis),2012,214894,131,14872,2614720.0,108687.0,717,1264,0.0692062132958575
Tübingen (Landkreis),2013,216535,131,15077,2722367.0,82593.0,716,1249,0.06962846652966033
Tübingen (Landkreis),2014,218355,131,15411,2720222.0,68874.0,701,1210,0.07057772892766366
Tübingen (Landkreis),2015,221837,130,15547,2528683.0,101549.0,710,1233,0.07008298886119087
Tübingen (Landkreis),2016,224635,133,16266,2737737.0,134541.0,718,1220,0.07241079974180337
Tübingen (Landkreis),2017,225755,136,16984,2892996.0,133530.0,741,1208,0.07523199929126709
Tübingen (Landkreis),2018,227331,138,17086,2861881.0,137096.0,756,1173,0.07515912919927331
Tübingen (Landkreis),2019,228678,135,17310,2847844.0,147012.0,719,1258,0.07569595676016058
Tübingen (Landkreis),2020,228471,134,16690,2652212.0,103119.0,687,1241,0.07305084671577575
Tübingen (Landkreis),2021,229806,141,17505,3066855.0,163968.0,741,1310,0.07617294587608679
Tübingen (Landkreis),2022,230987,139,17756,3271161.0,201157.0,749,1266,0.07687012689025789
Ulm (kreisfreie Stadt),2003,119807,109,20614,4945827.0,91093.0,964,791,0.17206006326842338
Ulm (kreisfreie Stadt),2004,120107,106,20470,5234259.0,101652.0,989,810,0.17043136536588208
Ulm (kreisfreie Stadt),2005,120625,101,19514,5294423.0,109767.0,1016,862,0.16177409326424871
Ulm (kreisfreie Stadt),2006,120925,98,19084,5757818.0,153710.0,1052,856,0.15781682861277652
Ulm (kreisfreie Stadt),2007,121434,100,20157,6336734.0,181224.0,1085,842,0.16599140273728938
Ulm (kreisfreie Stadt),2008,121648,101,20885,6791317.0,109675.0,1159,839,0.17168387478626856
Ulm (kreisfreie Stadt),2009,122087,94,18652,4907538.0,73991.0,962,836,0.15277629886883942
Ulm (kreisfreie Stadt),2010,122801,95,18369,5094967.0,80285.0,1022,858,0.14958347244729278
Ulm (kreisfreie Stadt),2011,117541,94,17969,5514808.0,118779.0,1043,704,0.15287431619605074
Ulm (kreisfreie Stadt),2012,117977,90,17938,5245280.0,139105.0,1022,694,0.15204658535138205
Ulm (kreisfreie Stadt),2013,119218,88,18276,5145147.0,108447.0,1048,688,0.15329899847338488
Ulm (kreisfreie Stadt),2014,120714,86,17292,4250492.0,120798.0,1035,669,0.14324767632586113
Ulm (kreisfreie Stadt),2015,122636,84,17119,4319163.0,141534.0,1062,682,0.13959196320819336
Ulm (kreisfreie Stadt),2016,123953,84,17215,4811707.0,153172.0,1057,673,0.13888328640694456
Ulm (kreisfreie Stadt),2017,125596,80,16894,5105945.0,143393.0,1130,672,0.1345106532055161
Ulm (kreisfreie Stadt),2018,126329,81,17389,5381664.0,212793.0,1192,652,0.13764852092551988
Ulm (kreisfreie Stadt),2019,126790,82,18055,5516306.0,269924.0,1165,697,0.14240082025396325
Ulm (kreisfreie Stadt),2020,126405,82,17276,5526164.0,272290.0,1011,686,0.1366718088683201
Ulm (kreisfreie Stadt),2021,126949,81,17907,5988076.0,262558.0,1109,724,0.14105664479436625
Ulm (kreisfreie Stadt),2022,127932,81,18139,6582298.0,228414.0,1111,701,0.14178626145139606
Waldshut (Landkreis),2003,167057,124,14471,3263053.0,128299.0,3095,1103,0.08662312863274212
Waldshut (Landkreis),2004,167266,121,14295,2564894.0,91349.0,3300,1127,0.0854626762163261
Waldshut (Landkreis),2005,167274,122,14326,2749842.0,123001.0,3428,1196,0.08564391357891842
Waldshut (Landkreis),2006,167168,119,14344,3038551.0,132502.0,3517,1184,0.08580589586523736
Waldshut (Landkreis),2007,167200,118,15098,3223709.0,155305.0,3584,1159,0.09029904306220096
Waldshut (Landkreis),2008,166863,116,15040,3256537.0,122526.0,3302,1151,0.09013382235726314
Waldshut (Landkreis),2009,166384,109,13395,2639258.0,97421.0,2668,1140,0.08050653909029715
Waldshut (Landkreis),2010,166140,107,13306,2886811.0,88163.0,3100,1161,0.0800890814975322
Waldshut (Landkreis),2011,163141,108,13967,3096885.0,125343.0,2939,977,0.08561305864252396
Waldshut (Landkreis),2012,163699,102,13430,2900291.0,107246.0,1502,963,0.08204081881990727
Waldshut (Landkreis),2013,164265,109,13646,2992875.0,120651.0,1489,948,0.08307308312787265
Waldshut (Landkreis),2014,165211,111,13907,3052354.0,119711.0,1470,915,0.08417720369709039
Waldshut (Landkreis),2015,167861,111,14095,3407160.0,110003.0,1523,933,0.08396828328200118
Waldshut (Landkreis),2016,168852,110,13753,3293735.0,135686.0,1497,917,0.0814500272427925
Waldshut (Landkreis),2017,170198,113,14060,3375976.0,136914.0,1502,911,0.08260966638855921
Waldshut (Landkreis),2018,170619,114,14133,3395249.0,130499.0,1475,880,0.08283368206354509
Waldshut (Landkreis),2019,171003,114,13889,3888186.0,110983.0,1332,941,0.08122079729595387
Waldshut (Landkreis),2020,171237,111,13178,4322432.0,97611.0,1240,930,0.07695766685938203
Waldshut (Landkreis),2021,171249,108,13223,5002986.0,137277.0,1258,976,0.07721504943094558
Waldshut (Landkreis),2022,170765,107,13248,5546685.0,129179.0,1219,936,0.07758030041284807
Zollernalbkreis (Landkreis),2003,193387,219,25391,3243004.0,109916.0,1145,1276,0.13129631257530236
Zollernalbkreis (Landkreis),2004,192961,215,24490,3310656.0,128546.0,1185,1301,0.12691683811754706
Zollernalbkreis (Landkreis),2005,192722,216,23745,3427370.0,113872.0,1325,1378,0.12320855947945746
Zollernalbkreis (Landkreis),2006,192138,213,23558,3655969.0,113763.0,1380,1360,0.12260979087947205
Zollernalbkreis (Landkreis),2007,191531,206,24697,3944729.0,135477.0,1421,1327,0.12894518380836523
Zollernalbkreis (Landkreis),2008,190294,207,25117,3979457.0,176611.0,1541,1313,0.13199049891220954
Zollernalbkreis (Landkreis),2009,189337,197,22621,3075798.0,116669.0,1284,1297,0.11947479890354236
Zollernalbkreis (Landkreis),2010,188393,191,22420,3544267.0,104339.0,1435,1317,0.11900654482916032
Zollernalbkreis (Landkreis),2011,185129,198,23495,3869557.0,140650.0,1512,1109,0.12691150495060202
Zollernalbkreis (Landkreis),2012,184658,192,23319,3859443.0,152140.0,1480,1086,0.12628209988194392
Zollernalbkreis (Landkreis),2013,184615,192,23499,3968211.0,211093.0,1476,1065,0.12728651518023995
Zollernalbkreis (Landkreis),2014,186360,193,23733,4116568.0,114175.0,1505,1032,0.12735028976175145
Zollernalbkreis (Landkreis),2015,188595,190,24007,4399167.0,190128.0,1519,1049,0.12729393674275563
Zollernalbkreis (Landkreis),2016,187401,193,24315,4607166.0,129925.0,1473,1018,0.12974850721180783
Zollernalbkreis (Landkreis),2017,188170,192,25219,4814846.0,131545.0,1516,1007,0.13402242652920232
Zollernalbkreis (Landkreis),2018,188935,197,26067,5077195.0,141322.0,1546,975,0.13796808426178314
Zollernalbkreis (Landkreis),2019,189363,204,26692,4937553.0,161979.0,1527,1041,0.14095678670067543
Zollernalbkreis (Landkreis),2020,189862,209,25925,4561740.0,184484.0,1416,1031,0.13654654433219918
Zollernalbkreis (Landkreis),2021,190545,212,26422,5225240.0,222210.0,1497,1086,0.1386654071216773
Zollernalbkreis (Landkreis),2022,192726,211,26844,5552210.0,256279.0,1466,1056,0.13928582547243237
