DN_DT,Jahr,rate_-50,rate_-40,rate_-30,rate_-20,rate_-10,rate_0,rate_10,rate_20,rate_30,rate_40,rate_50
Alb-Donau-Kreis (Landkreis),2030,0.09822328947269865,0.09980389413088031,0.10138449878906175,0.10296510344724308,0.10454570810542457,0.1061263127636059,0.10770691742178728,0.10928752207996861,0.11086812673814994,0.11244873139633138,0.11402933605451304
Alb-Donau-Kreis (Landkreis),2040,0.08693325619997472,0.09077186751270117,0.09461047882542717,0.0984490901381535,0.10228770145087979,0.1061263127636059,0.10996492407633207,0.11380353538905819,0.11764214670178452,0.12148075801451053,0.12531936932723697
Alb-Donau-Kreis (Landkreis),2050,0.07564322292725079,0.08173984089452202,0.08783645886179281,0.09393307682906393,0.100029694796335,0.1061263127636059,0.11222293073087686,0.11831954869814776,0.12441616666541888,0.13051278463268967,0.1366094025999609
Alb-Donau-Kreis (Landkreis),2060,0.06435318965452685,0.07270781427634265,0.08106243889815845,0.08941706351997425,0.09777168814179016,0.1061263127636059,0.1144809373854217,0.12283556200723744,0.13119018662905324,0.13954481125086904,0.14789943587268484
Alb-Donau-Kreis (Landkreis),2070,0.05306315638180292,0.06367578765816351,0.07428841893452409,0.08490105021088468,0.09551368148724537,0.1061263127636059,0.11673894403996649,0.12735157531632701,0.1379642065926876,0.14857683786904818,0.15918946914540877
Baden-Baden (kreisfreie Stadt),2030,0.06703335915462749,0.06811205688815036,0.0691907546216729,0.07026945235519566,0.07134815008871837,0.0724268478222411,0.07350554555576386,0.07458424328928648,0.07566294102280924,0.076741638756332,0.07782033648985487
Baden-Baden (kreisfreie Stadt),2040,0.059328375343750794,0.06194806983944878,0.06456776433514688,0.06718745883084487,0.06980715332654303,0.0724268478222411,0.0750465423179392,0.07766623681363727,0.08028593130933526,0.08290562580503358,0.08552532030073157
Baden-Baden (kreisfreie Stadt),2050,0.0516233915328741,0.055784082790747425,0.059944774048620864,0.06410546530649419,0.06826615656436769,0.0724268478222411,0.07658753908011454,0.08074823033798795,0.08490892159586128,0.08906961285373494,0.09323030411160826
Baden-Baden (kreisfreie Stadt),2060,0.0439184077219974,0.049620095742046066,0.055321783762094845,0.06102347178214351,0.06672515980219235,0.0724268478222411,0.07812853584228988,0.08383022386233863,0.0895319118823873,0.0952335999024363,0.10093528792248496
Baden-Baden (kreisfreie Stadt),2070,0.0362134239111207,0.04345610869334471,0.050698793475568715,0.05794147825779283,0.065184163040017,0.0724268478222411,0.07966953260446522,0.0869122173866893,0.09415490216891342,0.10139758695113765,0.10864027173336166
Biberach (Landkreis),2030,0.1866254901196145,0.18962865892613667,0.19263182773265974,0.19563499653918193,0.19863816534570455,0.2016413341522272,0.2046445029587498,0.20764767176527243,0.21065084057179462,0.2136540093783177,0.21665717818483898
Biberach (Landkreis),2040,0.1651742843587396,0.17246769431743658,0.17976110427613445,0.18705451423483188,0.19434792419352953,0.2016413341522272,0.20893474411092483,0.21622815406962248,0.2235215640283199,0.23081497398701778,0.23810838394571476
Biberach (Landkreis),2050,0.1437230785978647,0.1553067297087365,0.16689038081960916,0.17847403193048184,0.1900576830413545,0.2016413341522272,0.21322498526309985,0.22480863637397253,0.2363922874848452,0.24797593859571787,0.25955958970658966
Biberach (Landkreis),2060,0.12227187283698893,0.1381457651000364,0.15401965736308432,0.1698935496261318,0.18576744188917949,0.2016413341522272,0.21751522641527488,0.23338911867832257,0.24926301094137004,0.26513690320441796,0.28101079546746544
Biberach (Landkreis),2070,0.10082066707611403,0.12098480049133631,0.14114893390655903,0.16131306732178174,0.18147720073700446,0.2016413341522272,0.2218054675674499,0.24196960098267262,0.26213373439789533,0.28229786781311805,0.3024620012283403
Bodenseekreis (Landkreis),2030,0.15786191796379967,0.16040222468965437,0.16294253141550818,0.16548283814136244,0.1680231448672166,0.17056345159307076,0.17310375831892488,0.17564406504477903,0.17818437177063373,0.18072467849648755,0.18326498522234225
Bodenseekreis (Landkreis),2040,0.13971686992198373,0.14588618625620153,0.15205550259041845,0.15822481892463602,0.16439413525885338,0.17056345159307076,0.1767327679272881,0.18290208426150545,0.18907140059572347,0.19524071692994038,0.20141003326415818
Bodenseekreis (Landkreis),2050,0.1215718218801678,0.1313701478227487,0.1411684737653287,0.1509667997079096,0.16076512565049017,0.17056345159307076,0.1803617775356513,0.19016010347823187,0.1999584294208132,0.20975675536339322,0.21955508130597412
Bodenseekreis (Landkreis),2060,0.10342677383835186,0.11685410938929586,0.1302814449402394,0.14370878049118319,0.15713611604212696,0.17056345159307076,0.1839907871440145,0.1974181226949583,0.2108454582459025,0.22427279379684606,0.23770012934779006
Bodenseekreis (Landkreis),2070,0.08528172579653548,0.10233807095584302,0.11939441611514967,0.13645076127445677,0.15350710643376375,0.17056345159307076,0.18761979675237772,0.2046761419116847,0.22173248707099225,0.2387888322302989,0.25584517738960644
Breisgau-Hochschwarzwald (Landkreis),2030,0.0746375299726143,0.0758385936733228,0.07703965737403173,0.07824072107474034,0.07944178477544911,0.08064284847615791,0.08184391217686665,0.08304497587757542,0.08424603957828403,0.08544710327899296,0.08664816697970146
Breisgau-Hochschwarzwald (Landkreis),2040,0.06605850353898046,0.06897537252641595,0.07189224151385143,0.07480911050128691,0.0777259794887224,0.08064284847615791,0.08355971746359336,0.08647658645102885,0.08939345543846433,0.09231032442589981,0.0952271934133353
Breisgau-Hochschwarzwald (Landkreis),2050,0.05747947710534662,0.06211215137950887,0.06674482565367112,0.07137749992783338,0.07601017420199563,0.08064284847615791,0.08527552275032013,0.08990819702448238,0.09454087129864464,0.09917354557280689,0.10380621984696914
Breisgau-Hochschwarzwald (Landkreis),2060,0.04890045067171278,0.0552489302326018,0.06159740979349082,0.06794588935437984,0.07429436891526886,0.08064284847615791,0.0869913280370469,0.09333980759793592,0.09968828715882494,0.10603676671971396,0.11238524628060298
Breisgau-Hochschwarzwald (Landkreis),2070,0.04032142423807894,0.04838570908569473,0.056449993933310516,0.0645142787809263,0.07257856362854209,0.08064284847615791,0.08870713332377367,0.09677141817138946,0.10483570301900524,0.11289998786662103,0.12096427271423682
Böblingen (Landkreis),2030,0.17421111633199882,0.17701451360630704,0.17981791088061483,0.18262130815492306,0.18542470542923095,0.188228102703539,0.19103149997784696,0.19383489725215508,0.1966382945264633,0.1994416918007711,0.20224508907507888
Böblingen (Landkreis),2040,0.15418685008694144,0.16099510061026123,0.16780335113358058,0.17461160165690015,0.1814198521802195,0.188228102703539,0.19503635322685842,0.201844603750178,0.20865285427349756,0.2154611047968169,0.22226935532013625
Böblingen (Landkreis),2050,0.13416258384188406,0.14497568761421498,0.15578879138654633,0.16660189515887702,0.17741499893120793,0.188228102703539,0.19904120647586998,0.20985431024820111,0.2206674140205318,0.23148051779286316,0.24229362156519363
Böblingen (Landkreis),2060,0.11413831759682669,0.12895627461816916,0.14377423163951164,0.15859218866085412,0.17341014568219648,0.188228102703539,0.20304605972488143,0.21786401674622402,0.2326819737675665,0.24749993078890897,0.262317887810251
Böblingen (Landkreis),2070,0.09411405135176931,0.11293686162212335,0.1317596718924774,0.1505824821628312,0.16940529243318503,0.188228102703539,0.2070509129738929,0.22587372324424693,0.24469653351460074,0.2635193437849548,0.2823421540553084
Calw (Landkreis),2030,0.06895795885344702,0.0700676271568359,0.07117729546022467,0.07228696376361354,0.07339663206700225,0.07450630037039105,0.07561596867377982,0.07672563697716861,0.07783530528055749,0.07894497358394603,0.08005464188733491
Calw (Landkreis),2040,0.06103175668638405,0.06372666542318539,0.06642157415998695,0.06911648289678829,0.07181139163358963,0.07450630037039105,0.07720120910719244,0.07989611784399386,0.0825910265807952,0.08528593531759654,0.08798084405439788
Calw (Landkreis),2050,0.053105554519321085,0.057385703689535106,0.06166585285974924,0.06594600202996315,0.07022615120017706,0.07450630037039105,0.07878644954060501,0.083066598710819,0.08734674788103292,0.09162689705124683,0.09590704622146085
Calw (Landkreis),2060,0.04517935235225834,0.05104474195588482,0.05691013155951141,0.062775521163138,0.06864091076676448,0.07450630037039105,0.08037168997401758,0.08623707957764415,0.09210246918127074,0.09796785878489711,0.10383324838852359
Calw (Landkreis),2070,0.03725315018519537,0.044703780222234535,0.0521544102592737,0.05960504029631286,0.06705567033335191,0.07450630037039105,0.08195693040743016,0.08940756044446929,0.09685819048150845,0.1043088205185474,0.11175945055558656
Emmendingen (Landkreis),2030,0.10024274678628853,0.10185584845871176,0.10346895013113477,0.1050820518035579,0.10669515347598085,0.10830825514840385,0.10992135682082688,0.11153445849324983,0.11314756016567284,0.11476066183809586,0.11637376351051909
Emmendingen (Landkreis),2040,0.08872059198326676,0.09263812461629439,0.0965556572493218,0.10047318988234921,0.10439072251537651,0.10830825514840385,0.11222578778143122,0.11614332041445852,0.12006085304748582,0.12397838568051323,0.12789591831354086
Emmendingen (Landkreis),2050,0.07719843718024544,0.08342040077387702,0.08964236436750883,0.09586432796114053,0.10208629155477217,0.10830825514840385,0.11453021874203556,0.1207521823356672,0.1269741459292988,0.1331961095229306,0.13941807311656218
Emmendingen (Landkreis),2060,0.06567628237722367,0.07420267693145965,0.08272907148569586,0.09125546603993184,0.09978186059416783,0.10830825514840385,0.1168346497026399,0.1253610442568759,0.13388743881111176,0.14241383336534796,0.15094022791958395
Emmendingen (Landkreis),2070,0.054154127574201905,0.06498495308904229,0.07581577860388267,0.08664660411872316,0.09747742963356348,0.10830825514840385,0.11913908066324425,0.12996990617808457,0.14080073169292495,0.15163155720776533,0.1624623827226057
Enzkreis (Landkreis),2030,0.12689841867368923,0.12894046219257582,0.13098250571146264,0.13302454923034968,0.1350665927492366,0.13710863626812356,0.13915067978701046,0.14119272330589738,0.14323476682478442,0.14527681034367124,0.14731885386255783
Enzkreis (Landkreis),2040,0.1123123935387822,0.11727164208465002,0.12223089063051873,0.12719013917638677,0.13214938772225515,0.13710863626812356,0.1420678848139918,0.14702713335986028,0.15198638190572833,0.15694563045159704,0.16190487899746486
Enzkreis (Landkreis),2050,0.09772636840387561,0.10560282197672466,0.1134792755495746,0.1213557291224241,0.1292321826952738,0.13710863626812356,0.14498508984097325,0.15286154341382296,0.16073799698667246,0.1686144505595224,0.17649090413237145
Enzkreis (Landkreis),2060,0.08314034326896858,0.0939340018687993,0.10472766046863047,0.11552131906846141,0.12631497766829247,0.13710863626812356,0.1479022948679546,0.15869595346778564,0.1694896120676166,0.18028327066744776,0.19107692926727848
Enzkreis (Landkreis),2070,0.06855431813406199,0.08226518176087394,0.09597604538768656,0.10968690901449873,0.12339777264131113,0.13710863626812356,0.15081949989493593,0.16453036352174832,0.1782412271485605,0.19195209077537312,0.20566295440218507
Esslingen (Landkreis),2030,0.1059663396600099,0.10767154512580346,0.10937675059159657,0.11108195605738991,0.11278716152318308,0.1144923669889763,0.11619757245476953,0.1179027779205627,0.11960798338635614,0.12131318885214926,0.12301839431794281
Esslingen (Landkreis),2040,0.09378630061862969,0.09792751389269894,0.10206872716676818,0.10620994044083765,0.11035115371490695,0.1144923669889763,0.11863358026304566,0.12277479353711496,0.12691600681118453,0.13105722008525378,0.13519843335932302
Esslingen (Landkreis),2050,0.08160626157724904,0.08818348265959464,0.09476070374194001,0.1013379248242855,0.10791514590663087,0.1144923669889763,0.12106958807132173,0.1276468091536671,0.1342240302360127,0.14080125131835808,0.14737847240070368
Esslingen (Landkreis),2060,0.06942622253586883,0.07843945142649034,0.08745268031711162,0.09646590920773335,0.10547913809835474,0.1144923669889763,0.12350559587959786,0.13251882477021937,0.1415320536608411,0.15054528255146238,0.15955851144208388
Esslingen (Landkreis),2070,0.05724618349448818,0.06869542019338581,0.08014465689228345,0.09159389359118109,0.10304313029007872,0.1144923669889763,0.12594160368787388,0.1373908403867714,0.14884007708566926,0.1602893137845669,0.17173855048346454
Freiburg im Breisgau (kreisfreie Stadt),2030,0.04774264682306528,0.048510919300677635,0.04927919177829021,0.050047464255902785,0.05081573673351533,0.05158400921112786,0.0523522816887404,0.05312055416635297,0.05388882664396544,0.05465709912157801,0.05542537159919059
Freiburg im Breisgau (kreisfreie Stadt),2040,0.04225498626868984,0.04412079085717735,0.04598659544566508,0.04785240003415264,0.04971820462264026,0.05158400921112786,0.05344981379961547,0.055315618388103116,0.05718142297659057,0.0590472275650783,0.06091303215356603
Freiburg im Breisgau (kreisfreie Stadt),2050,0.036767325714314625,0.039730662413677065,0.04269399911303984,0.0456573358124025,0.04862067251176519,0.05158400921112786,0.05454734591049054,0.05751068260985326,0.06047401930921581,0.06343735600857858,0.06640069270794124
Freiburg im Breisgau (kreisfreie Stadt),2060,0.03127966515993941,0.03534053397017689,0.03940140278041471,0.04346227159065241,0.047523140400890146,0.05158400921112786,0.055644878021365585,0.059705746831603346,0.06376661564184094,0.06782748445207876,0.07188835326231646
Freiburg im Breisgau (kreisfreie Stadt),2070,0.025792004605563967,0.030950405526676605,0.036108806447789465,0.04126720736890227,0.046425608290015075,0.05158400921112786,0.056742410132240656,0.06190081105335349,0.06705921197446618,0.07221761289557904,0.0773760138166919
Freudenstadt (Landkreis),2030,0.14873684557768962,0.15113031205825056,0.1535237785388106,0.15591724501937132,0.15831071149993192,0.16070417798049236,0.1630976444610529,0.16549111094161328,0.16788457742217422,0.1702780439027345,0.17267151038329542
Freudenstadt (Landkreis),2040,0.13164065643082878,0.13745336074076198,0.14326606505069428,0.14907876936062703,0.15489147367055978,0.16070417798049236,0.16651688229042505,0.17232958660035758,0.17814229091029055,0.18395499522022307,0.18976769953015626
Freudenstadt (Landkreis),2050,0.11454446728396794,0.12377640942327295,0.13300835156257795,0.14224029370188251,0.15147223584118752,0.16070417798049236,0.1699361201197973,0.1791680622591021,0.18840000439840687,0.1976319465377121,0.2068638886770171
Freudenstadt (Landkreis),2060,0.0974482781371071,0.11009945810578436,0.12275063807446118,0.13540181804313822,0.14805299801181537,0.16070417798049236,0.17335535794916945,0.18600653791784638,0.19865771788652364,0.21130889785520068,0.22396007782387795
Freudenstadt (Landkreis),2070,0.08035208899024626,0.09642250678829578,0.11249292458634486,0.12856334238439393,0.14463376018244323,0.16070417798049236,0.1767745957785416,0.19284501357659067,0.20891543137463997,0.22498584917268927,0.2410562669707388
Göppingen (Landkreis),2030,0.08839666661851586,0.08981914171352634,0.09124161680853682,0.09266409190354752,0.09408656699855811,0.0955090420935687,0.09693151718857929,0.09835399228358988,0.09977646737860058,0.10119894247361105,0.10262141756862175
Göppingen (Landkreis),2040,0.07823613022558318,0.08169071259918015,0.08514529497277712,0.08859987734637442,0.09205445971997156,0.0955090420935687,0.09896362446716583,0.10241820684076297,0.10587278921436027,0.10932737158795724,0.11278195396155444
Göppingen (Landkreis),2050,0.06807559383265005,0.07356228348483396,0.07904897313701742,0.08453566278920133,0.09002235244138501,0.0955090420935687,0.10099573174575238,0.10648242139793607,0.11196911105011997,0.11745580070230344,0.12294249035448757
Göppingen (Landkreis),2060,0.057915057439717366,0.06543385437048754,0.07295265130125772,0.08047144823202812,0.08799024516279841,0.0955090420935687,0.10302783902433899,0.11054663595510927,0.11806543288587967,0.12558422981664985,0.13310302674742025
Göppingen (Landkreis),2070,0.04775452104678468,0.05730542525614135,0.06685632946549802,0.07640723367485502,0.08595813788421186,0.0955090420935687,0.10505994630292553,0.11461085051228237,0.12416175472163937,0.13371265893099604,0.14326356314035293
Heidelberg (kreisfreie Stadt),2030,0.04926030665446346,0.05005300124430556,0.05084569583414744,0.05163839042398938,0.05243108501383134,0.05322377960367327,0.05401647419351521,0.05480916878335712,0.05560186337319917,0.05639455796304105,0.05718725255288293
Heidelberg (kreisfreie Stadt),2040,0.04359820244130663,0.04552331787378017,0.04744843330625337,0.04937354873872668,0.05129866417119999,0.05322377960367327,0.05514889503614656,0.05707401046861982,0.05899912590109324,0.06092424133356644,0.06284935676603975
Heidelberg (kreisfreie Stadt),2050,0.03793609822815003,0.04099363450325477,0.044051170778359405,0.04710870705346398,0.050166243328568644,0.05322377960367327,0.05628131587877791,0.059338852153882515,0.062396388428987204,0.06545392470409184,0.06851146097919636
Heidelberg (kreisfreie Stadt),2060,0.0322739940149932,0.03646395113272938,0.04065390825046533,0.044843865368201286,0.049033822485937295,0.05322377960367327,0.05741373672140926,0.06160369383914521,0.06579365095688128,0.06998360807461723,0.07417356519235319
Heidelberg (kreisfreie Stadt),2070,0.026611889801836597,0.03193426776220398,0.03725664572257126,0.04257902368293859,0.047901401643305946,0.05322377960367327,0.05854615756404061,0.06386853552440791,0.06919091348477535,0.07451329144514263,0.07983566940550979
Heidenheim (Landkreis),2030,0.12429300758126516,0.12629312494464173,0.1282932423080183,0.1302933596713951,0.1322934770347718,0.1342935943981485,0.13629371176152516,0.13829382912490185,0.14029394648827864,0.14229406385165522,0.1442941812150318
Heidenheim (Landkreis),2040,0.11000645498571737,0.11486388286820359,0.11972131075068959,0.12457873863317603,0.12943616651566225,0.1342935943981485,0.1391510222806347,0.14400845016312092,0.14886587804560736,0.15372330592809336,0.15858073381057958
Heidenheim (Landkreis),2050,0.09571990239016959,0.10343464079176545,0.1111493791933611,0.11886411759495696,0.12657885599655272,0.1342935943981485,0.14200833279974423,0.14972307120133999,0.15743780960293585,0.1651525480045315,0.17286728640612736
Heidenheim (Landkreis),2060,0.0814333497946218,0.09200539871532731,0.10257744763603238,0.1131494965567379,0.12372154547744318,0.1342935943981485,0.14486564331885377,0.15543769223955906,0.16600974116026457,0.17658179008096964,0.18715383900167515
Heidenheim (Landkreis),2070,0.06714679719907446,0.08057615663888873,0.09400551607870389,0.1074348755185186,0.12086423495833354,0.1342935943981485,0.1477229538379634,0.16115231327777835,0.17458167271759306,0.18801103215740822,0.2014403915972225
Heilbronn (Landkreis),2030,0.14511583686344753,0.14745103423826134,0.14978623161307558,0.15212142898788983,0.15445662636270385,0.156791823737518,0.15912702111233212,0.16146221848714637,0.16379741586196017,0.16613261323677442,0.16846781061158822
Heilbronn (Landkreis),2040,0.12843585561477555,0.13410704923932348,0.1397782428638723,0.1454494364884209,0.1511206301129694,0.156791823737518,0.1624630173620666,0.1681342109866153,0.17380540461116345,0.17947659823571227,0.1851477918602602
Heilbronn (Landkreis),2050,0.11175587436610313,0.12076306424038608,0.12977025411466903,0.1387774439889522,0.14778463386323504,0.156791823737518,0.16579901361180094,0.174806203486084,0.18381339336036673,0.19282058323464968,0.20182777310893263
Heilbronn (Landkreis),2060,0.09507589311743114,0.10741907924144822,0.11976226536546575,0.13210545148948327,0.14444863761350057,0.156791823737518,0.1691350098615354,0.18147819598555293,0.19382138210957,0.20616456823358753,0.2185077543576046
Heilbronn (Landkreis),2070,0.07839591186875916,0.09407509424251037,0.10975427661626247,0.12543345899001435,0.1411126413637661,0.156791823737518,0.17247100611126986,0.18815018848502185,0.20382937085877328,0.21950855323252538,0.2351877356062766
Heilbronn (kreisfreie Stadt),2030,0.08085301932497924,0.08215410239457666,0.08345518546417408,0.08475626853377138,0.08605735160336869,0.08735843467296606,0.08865951774256342,0.08996060081216084,0.09126168388175815,0.09256276695135557,0.09386385002095299
Heilbronn (kreisfreie Stadt),2040,0.07155956882785519,0.07471934199687746,0.07787911516589952,0.08103888833492179,0.0841986615039439,0.08735843467296606,0.09051820784198822,0.09367798101101044,0.09683775418003271,0.09999752734905476,0.10315730051807703
Heilbronn (kreisfreie Stadt),2050,0.062266118330731146,0.06728458159917827,0.07230304486762518,0.07732150813607219,0.0823399714045191,0.08735843467296606,0.09237689794141302,0.09739536120986003,0.10241382447830705,0.10743228774675395,0.11245075101520108
Heilbronn (kreisfreie Stadt),2060,0.0529726678336071,0.05984982120147886,0.06672697456935084,0.07360412793722249,0.08048128130509424,0.08735843467296606,0.09423558804083787,0.10111274140870974,0.10798989477658139,0.11486704814445337,0.12174420151232512
Heilbronn (kreisfreie Stadt),2070,0.043679217336483056,0.05241506080377967,0.06115090427107628,0.06988674773837289,0.07862259120566945,0.08735843467296606,0.09609427814026267,0.10483012160755933,0.11356596507485595,0.12230180854215256,0.13103765200944917
Hohenlohekreis (Landkreis),2030,0.1952897618316296,0.19843235570018525,0.20157494956874045,0.2047175434372952,0.20786013730584996,0.211002731174405,0.2141453250429599,0.2172879189115149,0.22043051278006986,0.22357310664862506,0.2267157005171807
Hohenlohekreis (Landkreis),2040,0.17284266277052307,0.18047467645129966,0.18810669013207626,0.1957387038128524,0.20337071749362856,0.211002731174405,0.2186347448551813,0.22626675853595768,0.23389877221673405,0.24153078589751065,0.24916279957828724
Hohenlohekreis (Landkreis),2050,0.15039556370941654,0.16251699720241408,0.17463843069541207,0.18675986418840962,0.19888129768140717,0.211002731174405,0.2231241646674027,0.23524559816040047,0.24736703165339824,0.25948846514639623,0.2716098986393938
Hohenlohekreis (Landkreis),2060,0.1279484646483091,0.1445593179535285,0.16117017125874789,0.17778102456396683,0.19439187786918577,0.211002731174405,0.2276135844796241,0.24422443778484326,0.2608352910900624,0.2774461443952818,0.2940569977005012
Hohenlohekreis (Landkreis),2070,0.10550136558720258,0.12660163870464292,0.1477019118220837,0.16880218493952404,0.18990245805696437,0.211002731174405,0.2321030042918455,0.25320327740928605,0.2743035505267266,0.2954038236441674,0.31650409676160773
Karlsruhe (Landkreis),2030,0.07723369210964681,0.0784765331321009,0.07971937415455499,0.08096221517700897,0.08220505619946311,0.0834478972219172,0.08469073824437129,0.08593357926682532,0.08717642028927952,0.08841926131173361,0.0896621023341877
Karlsruhe (Landkreis),2040,0.06835625623497488,0.07137458443236322,0.07439291262975178,0.07741124082714013,0.08042956902452869,0.0834478972219172,0.08646622541930571,0.08948455361669416,0.09250288181408273,0.09552121001147129,0.09853953820885963
Karlsruhe (Landkreis),2050,0.05947882036030272,0.06427263573262554,0.06906645110494858,0.07386026647727129,0.07865408184959427,0.0834478972219172,0.08824171259424013,0.093035527966563,0.09782934333888593,0.10262315871120897,0.10741697408353179
Karlsruhe (Landkreis),2060,0.050601384485630785,0.05717068703288808,0.06373998958014515,0.07030929212740256,0.0768785946746599,0.0834478972219172,0.0900171997691745,0.09658650231643173,0.10315580486368936,0.10972510741094643,0.11629440995820373
Karlsruhe (Landkreis),2070,0.04172394861095863,0.0500687383331504,0.058413528055341946,0.06675831777753372,0.07510310749972549,0.0834478972219172,0.09179268694410891,0.10013747666630057,0.10848226638849257,0.11682705611068411,0.12517184583287588
Karlsruhe (kreisfreie Stadt),2030,0.053024906216727175,0.05387818056963978,0.054731454922552714,0.05558472927546554,0.05643800362837831,0.05729127798129119,0.05814455233420404,0.058997826687116894,0.059851101040029664,0.0607043753929426,0.061557649745855425
Karlsruhe (kreisfreie Stadt),2040,0.04693008941020671,0.04900232712442354,0.05107456483864048,0.05314680255285742,0.05521904026707425,0.05729127798129119,0.0593635156955081,0.061435753409725014,0.0635079911239419,0.06558022883815884,0.06765246655237589
Karlsruhe (kreisfreie Stadt),2050,0.04083527260368647,0.04412647367920719,0.047417674754728245,0.050708875830249245,0.05400007690577016,0.05729127798129119,0.06058247905681219,0.06387368013233319,0.06716488120785413,0.07045608228337519,0.07374728335889613
Karlsruhe (kreisfreie Stadt),2060,0.034740455797166,0.03925062023399106,0.04376078467081612,0.04827094910764118,0.05278111354446613,0.05729127798129119,0.06180144241811622,0.06631160685494125,0.07082177129176626,0.07533193572859131,0.0798421001654166
Karlsruhe (kreisfreie Stadt),2070,0.02864563899064576,0.0343747667887746,0.04010389458690389,0.04583302238503295,0.051562150183162014,0.05729127798129119,0.06302040577942034,0.06874953357754948,0.07447866137567849,0.08020778917380778,0.08593691697193684
Konstanz (Landkreis),2030,0.06620448128856005,0.06726984075757136,0.06833520022658268,0.069400559695594,0.07046591916460537,0.07153127863361668,0.07259663810262801,0.07366199757163927,0.07472735704065059,0.0757927165096619,0.07685807597867322
Konstanz (Landkreis),2040,0.05859477079562203,0.06118207236322104,0.06376937393081994,0.06635667549841884,0.06894397706601779,0.07153127863361668,0.07411858020121559,0.07670588176881443,0.07929318333641333,0.08188048490401223,0.08446778647161124
Konstanz (Landkreis),2050,0.050985060302684015,0.05509430396887072,0.059203547635057197,0.06331279130124368,0.06742203496743021,0.07153127863361668,0.07564052229980317,0.0797497659659896,0.08385900963217607,0.08796825329836255,0.09207749696454925
Konstanz (Landkreis),2060,0.04337534980974622,0.04900653557452039,0.054637721339294454,0.060268907104068514,0.06590009286884263,0.07153127863361668,0.07716246439839075,0.08279365016316476,0.08842483592793882,0.09405602169271288,0.09968720745748705
Konstanz (Landkreis),2070,0.035765639316808207,0.04291876718017007,0.0500718950435316,0.05722502290689335,0.06437815077025505,0.07153127863361668,0.07868440649697833,0.08583753436033992,0.09299066222370167,0.1001437900870632,0.10729691795042506
Ludwigsburg (Landkreis),2030,0.10038444498833066,0.10199982686170594,0.10361520873508145,0.10523059060845685,0.10684597248183242,0.10846135435520785,0.11007673622858333,0.11169211810195878,0.11330749997533407,0.11492288184870958,0.11653826372208531
Ludwigsburg (Landkreis),2040,0.08884600303564882,0.09276907329956052,0.09669214356347244,0.10061521382738414,0.10453828409129606,0.10846135435520785,0.11238442461911968,0.11630749488303149,0.12023056514694308,0.124153635410855,0.12807670567476714
Ludwigsburg (Landkreis),2050,0.07730756108296744,0.08353831973741532,0.08976907839186343,0.09599983704631154,0.10223059570075976,0.10846135435520785,0.11469211300965598,0.12092287166410409,0.1271536303185521,0.1333843889730002,0.13961514762744853
Ludwigsburg (Landkreis),2060,0.0657691191302856,0.0743075661752699,0.08284601322025442,0.09138446026523883,0.09992290731022341,0.10846135435520785,0.11699980140019234,0.1255382484451768,0.1340766954901611,0.14261514253514562,0.15115358958013037
Ludwigsburg (Landkreis),2070,0.05423067717760377,0.06507681261312448,0.07592294804864541,0.08676908348416612,0.09761521891968705,0.10846135435520785,0.1193074897907287,0.13015362522624951,0.1409997606617701,0.15184589609729104,0.1626920315328122
Lörrach (Landkreis),2030,0.07627838783944418,0.07750585614950434,0.07873332445956405,0.0799607927696242,0.08118826107968419,0.08241572938974419,0.08364319769980416,0.08487066600986415,0.08609813431992441,0.08732560262998423,0.08855307094004439
Lörrach (Landkreis),2040,0.06751075705330134,0.07049175152058984,0.07347274598787834,0.07645374045516695,0.07943473492245556,0.08241572938974419,0.08539672385703279,0.0883777183243214,0.09135871279161012,0.09433970725889873,0.09732070172618723
Lörrach (Landkreis),2050,0.058743126267158274,0.06347764689167557,0.06821216751619263,0.07294668814070981,0.077681208765227,0.08241572938974419,0.08715025001426135,0.09188477063877853,0.09661929126329583,0.101353811887813,0.1060883325123303
Lörrach (Landkreis),2060,0.04997549548101521,0.05646354226276107,0.0629515890445067,0.06943963582625257,0.07592768260799837,0.08241572938974419,0.08890377617148998,0.09539182295323578,0.10187986973498175,0.1083679165167275,0.11485596329847336
Lörrach (Landkreis),2070,0.04120786469487214,0.04944943763384679,0.057691010572821,0.06593258351179543,0.0741741564507698,0.08241572938974419,0.09065730232871855,0.09889887526769292,0.10714044820666746,0.11538202114564178,0.12362359408461643
Main-Tauber-Kreis (Landkreis),2030,0.13982252578009025,0.14207254343632192,0.1443225610925536,0.1465725787487846,0.14882259640501594,0.15107261406124728,0.15332263171747862,0.15557264937370996,0.1578226670299412,0.16007268468617264,0.1623227023424043
Main-Tauber-Kreis (Landkreis),2040,0.12375097109272382,0.12921529968642886,0.13467962828013347,0.14014395687383807,0.14560828546754268,0.15107261406124728,0.15653694265495188,0.1620012712486565,0.1674655998423613,0.1729299284360657,0.17839425702977074
Main-Tauber-Kreis (Landkreis),2050,0.10767941640535694,0.11635805593653537,0.12503669546771334,0.13371533499889132,0.1423939745300693,0.15107261406124728,0.15975125359242526,0.16842989312360324,0.17710853265478144,0.1857871721859592,0.19446581171713762
Main-Tauber-Kreis (Landkreis),2060,0.09160786171799007,0.10350081218664187,0.11539376265529344,0.12728671312394457,0.13917966359259593,0.15107261406124728,0.16296556452989863,0.17485851499854999,0.18675146546720134,0.1986444159358527,0.2105373664045045
Main-Tauber-Kreis (Landkreis),2070,0.07553630703062364,0.09064356843674837,0.10575082984287332,0.12085809124899782,0.13596535265512255,0.15107261406124728,0.166179875467372,0.18128713687349673,0.19639439827962146,0.2115016596857462,0.22660892109187092
Mannheim (kreisfreie Stadt),2030,0.11310443895707412,0.11492451038856766,0.11674458182006053,0.11856465325155385,0.12038472468304706,0.12220479611454012,0.1240248675460332,0.12584493897752635,0.12766501040901956,0.12948508184051244,0.13130515327200598
Mannheim (kreisfreie Stadt),2040,0.10010392873212304,0.10452410220860653,0.10894427568509002,0.11336444916157329,0.11778462263805678,0.12220479611454012,0.12662496959102348,0.13104514306750692,0.13546531654399008,0.13988549002047357,0.14430566349695706
Mannheim (kreisfreie Stadt),2050,0.08710341850717196,0.09412369402864584,0.10114396955011928,0.10816424507159295,0.11518452059306661,0.12220479611454012,0.12922507163601366,0.13624534715748726,0.1432656226789608,0.15028589820043425,0.15730617372190814
Mannheim (kreisfreie Stadt),2060,0.07410290828222088,0.08372328584868471,0.09334366341514855,0.10296404098161238,0.11258441854807633,0.12220479611454012,0.13182517368100394,0.14144555124746783,0.15106592881393155,0.16068630638039538,0.17030668394685922
Mannheim (kreisfreie Stadt),2070,0.0611023980572698,0.07332287766872403,0.08554335728017803,0.09776383689163204,0.10998431650308615,0.12220479611454012,0.1344252757259941,0.14664575533744817,0.15886623494890206,0.17108671456035607,0.1833071941718103
Neckar-Odenwald-Kreis (Landkreis),2030,0.09392483460291512,0.09543626872296174,0.09694770284300858,0.09845913696305553,0.09997057108310242,0.10148200520314934,0.10299343932319621,0.10450487344324311,0.10601630756329006,0.1075277416833369,0.10903917580338396
Neckar-Odenwald-Kreis (Landkreis),2040,0.08312887660258017,0.08679950232269351,0.09047012804280752,0.09414075376292141,0.09781137948303542,0.10148200520314934,0.10515263092326321,0.10882325664337722,0.11249388236349112,0.11616450808360512,0.11983513380371891
Neckar-Odenwald-Kreis (Landkreis),2050,0.07233291860224478,0.07816273592242551,0.08399255324260646,0.08982237056278741,0.09565218788296836,0.10148200520314934,0.10731182252333027,0.11314163984351122,0.11897145716369217,0.12480127448387313,0.1306310918040543
Neckar-Odenwald-Kreis (Landkreis),2060,0.06153696060190983,0.0695259695221575,0.0775149784424054,0.08550398736265341,0.09349299628290136,0.10148200520314934,0.10947101412339727,0.11746002304364522,0.12544903196389323,0.13343804088414113,0.14142704980438925
Neckar-Odenwald-Kreis (Landkreis),2070,0.05074100260157488,0.0608892031218895,0.07103740364220434,0.08118560416251941,0.09133380468283436,0.10148200520314934,0.11163020572346427,0.12177840624377922,0.1319266067640943,0.14207480728440913,0.1522230078047242
Ortenaukreis (Landkreis),2030,0.11606870849036355,0.11793648081089803,0.1198042531314325,0.1216720254519672,0.1235397977725019,0.12540757009303646,0.12727534241357108,0.12914311473410567,0.13101088705464026,0.13287865937517473,0.1347464316957092
Ortenaukreis (Landkreis),2040,0.10272747762940249,0.10726349612212926,0.11179951461485582,0.11633553310758282,0.12087155160030971,0.12540757009303646,0.12994358858576327,0.13447960707849005,0.13901562557121694,0.1435516440639435,0.14808766255667027
Ortenaukreis (Landkreis),2050,0.08938624676844098,0.09659051143336006,0.10379477609827892,0.11099904076319822,0.11820330542811741,0.12540757009303646,0.13261183475795557,0.13981609942287465,0.14702036408779384,0.1542246287527127,0.16142889341763178
Ortenaukreis (Landkreis),2060,0.07604501590747947,0.08591752674459086,0.09579003758170224,0.10566254841881362,0.11553505925592511,0.12540757009303646,0.13528008093014787,0.14515259176725925,0.15502510260437052,0.1648976134414819,0.1747701242785933
Ortenaukreis (Landkreis),2070,0.06270378504651841,0.0752445420558221,0.08778529906512533,0.10032605607442924,0.11286681308373281,0.12540757009303646,0.13794832710234017,0.15048908411164363,0.16302984112094743,0.17557059813025067,0.18811135513955435
Ostalbkreis (Landkreis),2030,0.13958403931069752,0.14183021925362826,0.1440763991965588,0.14632257913948976,0.1485687590824204,0.1508149390253512,0.15306111896828195,0.15530729891121275,0.1575534788541435,0.15979965879707425,0.162045838740005
Ostalbkreis (Landkreis),2040,0.12353989686119204,0.1289949052940238,0.13444991372685555,0.13990492215968753,0.14535993059251928,0.1508149390253512,0.15626994745818307,0.161724955891015,0.16717996432384674,0.17263497275667872,0.17808998118951047
Ostalbkreis (Landkreis),2050,0.10749575441168657,0.11615959133441933,0.12482342825715209,0.1334872651798853,0.14215110210261817,0.1508149390253512,0.15947877594808418,0.16814261287081722,0.1768064497935502,0.18547028671628318,0.19413412363901594
Ostalbkreis (Landkreis),2060,0.0914516119621811,0.10332427737481487,0.11519694278744885,0.12706960820008328,0.13894227361271705,0.1508149390253512,0.1626876044379853,0.17456026985061923,0.18643293526325344,0.1983056006758872,0.21017826608852141
Ostalbkreis (Landkreis),2070,0.07540746951267563,0.09048896341521084,0.10557045731774561,0.12065195122028105,0.13573344512281604,0.1508149390253512,0.1658964329278863,0.18097792683042146,0.19605942073295668,0.21114091463549167,0.2262224085380269
Pforzheim (kreisfreie Stadt),2030,0.09147272939472062,0.09294470435049829,0.09441667930627551,0.0958886542620524,0.09736062921782951,0.09883260417360663,0.10030457912938373,0.10177655408516084,0.10324852904093795,0.10472050399671518,0.1061924789524924
Pforzheim (kreisfreie Stadt),2040,0.08095862256774122,0.08453341888891486,0.08810821521008783,0.09168301153126068,0.09525780785243365,0.09883260417360663,0.10240740049477959,0.10598219681595256,0.10955699313712564,0.1131317894582986,0.1167065857794718
Pforzheim (kreisfreie Stadt),2050,0.07044451574076183,0.0761221334273312,0.08179975111390014,0.08747736880046886,0.09315498648703774,0.09883260417360663,0.1045102218601755,0.11018783954674438,0.11586545723331332,0.12154307491988225,0.1272206926064512
Pforzheim (kreisfreie Stadt),2060,0.05993040891378243,0.06771084796574778,0.07549128701771246,0.08327172606967714,0.09105216512164188,0.09883260417360663,0.10661304322557136,0.1143934822775361,0.122173921329501,0.12995436038146568,0.1377347994334306
Pforzheim (kreisfreie Stadt),2070,0.04941630208680303,0.05929956250416413,0.06918282292152478,0.07906608333888532,0.08894934375624597,0.09883260417360663,0.10871586459096727,0.11859912500832792,0.12848238542568868,0.13836564584304933,0.14824890626040998
Rastatt (Landkreis),2030,0.1462730551019651,0.1486268743794681,0.15098069365697064,0.15333451293447364,0.15568833221197653,0.15804215148947942,0.1603959707669823,0.1627497900444852,0.16510360932198798,0.16745742859949075,0.1698112478769942
Rastatt (Landkreis),2040,0.12946006026265877,0.13517647850802295,0.14089289675338712,0.14660931499875107,0.15232573324411525,0.15804215148947942,0.1637585697348436,0.16947498798020777,0.1751914062255715,0.1809078244709359,0.18662424271630051
Rastatt (Landkreis),2050,0.11264706542335245,0.1217260826365778,0.13080509984980315,0.1398841170630285,0.14896313427625396,0.15804215148947942,0.16712116870270488,0.17620018591593034,0.18527920312915547,0.19435822034238104,0.20343723755560683
Rastatt (Landkreis),2060,0.09583407058404614,0.1082756867651331,0.12071730294621918,0.13315891912730615,0.1456005353083928,0.15804215148947942,0.17048376767056606,0.1829253838516527,0.19536700003273944,0.20780861621382574,0.22025023239491315
Rastatt (Landkreis),2070,0.07902107574473982,0.09482529089368796,0.11062950604263566,0.12643372119158358,0.1422379363405315,0.15804215148947942,0.17384636663842734,0.18965058178737526,0.20545479693632296,0.22125901208527088,0.23706322723421946
Ravensburg (Landkreis),2030,0.11639548140845246,0.11826851214376077,0.12014154287906909,0.12201457361437762,0.12388760434968593,0.12576063508499438,0.12763366582030278,0.1295066965556112,0.13137972729091985,0.13325275802622816,0.13512578876153647
Ravensburg (Landkreis),2040,0.10301669044196382,0.1075654793705696,0.11211426829917581,0.11666305722778203,0.12121184615638814,0.12576063508499438,0.13030942401360057,0.1348582129422068,0.13940700187081312,0.14395579079941934,0.1485045797280251
Ravensburg (Landkreis),2050,0.08963789947547474,0.09686244659737842,0.10408699371928254,0.11131154084118644,0.11853608796309034,0.12576063508499438,0.13298518220689837,0.14020972932880238,0.1474342764507064,0.15465882357261052,0.1618833706945142
Ravensburg (Landkreis),2060,0.0762591085089861,0.08615941382418768,0.09605971913938927,0.10596002445459107,0.11586032976979266,0.12576063508499438,0.13566094040019605,0.14556124571539775,0.15546155103059967,0.16536185634580125,0.17526216166100284
Ravensburg (Landkreis),2070,0.06288031754249745,0.0754563810509965,0.08803244455949621,0.10060850806799548,0.11318457157649486,0.12576063508499438,0.13833669859349385,0.15091276210199334,0.16348882561049272,0.17606488911899243,0.18864095262749148
Rems-Murr-Kreis (Landkreis),2030,0.08562531372612425,0.08700319233780918,0.08838107094949388,0.08975894956117869,0.0911368281728634,0.09251470678454816,0.09389258539623291,0.09527046400791772,0.09664834261960253,0.09802622123128724,0.09940409984297194
Rems-Murr-Kreis (Landkreis),2040,0.0757833236426615,0.0791296002710391,0.08247587689941649,0.08582215352779365,0.08916843015617087,0.09251470678454816,0.09586098341292543,0.09920726004130276,0.10255353666967992,0.10589981329805731,0.1092460899264347
Rems-Murr-Kreis (Landkreis),2050,0.06594133355919896,0.07125600820426903,0.07657068284933888,0.08188535749440862,0.08720003213947836,0.09251470678454816,0.09782938142961795,0.1031440560746878,0.10845873071975753,0.11377340536482738,0.11908808000989723
Rems-Murr-Kreis (Landkreis),2060,0.05609934347573642,0.06338241613749895,0.07066548879926127,0.07794856146102358,0.08523163412278584,0.09251470678454816,0.09979777944631046,0.10708085210807283,0.11436392476983515,0.12164699743159724,0.12893007009335977
Rems-Murr-Kreis (Landkreis),2070,0.04625735339227388,0.0555088240707291,0.06476029474918388,0.07401176542763865,0.08326323610609337,0.09251470678454816,0.10176617746300293,0.11101764814145776,0.12026911881991253,0.1295205894983673,0.1387720601768223
Reutlingen (Landkreis),2030,0.11461535365446407,0.11645973865579995,0.11830412365713627,0.1201485086584726,0.1219928936598087,0.12383727866114491,0.12568166366248112,0.12752604866381734,0.12937043366515377,0.13121481866648965,0.13305920366782553
Reutlingen (Landkreis),2040,0.10144117507349115,0.10592039579102153,0.11039961650855257,0.11487883722608339,0.1193580579436141,0.12383727866114491,0.12831649937867573,0.13279572009620655,0.13727494081373748,0.14175416153126807,0.14623338224879845
Reutlingen (Landkreis),2050,0.08826699649251823,0.0953810529262431,0.10249510935996886,0.10960916579369417,0.11672322222741949,0.12383727866114491,0.13095133509487034,0.13806539152859576,0.14517944796232118,0.1522935043960465,0.15940756082977137
Reutlingen (Landkreis),2060,0.07509281791154532,0.08484171006146513,0.09459060221138516,0.10433949436130519,0.11408838651122499,0.12383727866114491,0.13358617081106483,0.14333506296098475,0.1530839551109049,0.16283284726082448,0.17258173941074428
Reutlingen (Landkreis),2070,0.0619186393305724,0.0743023671966867,0.08668609506280145,0.09906982292891597,0.11145355079503039,0.12383727866114491,0.13622100652725944,0.14860473439337396,0.1609884622594886,0.1733721901256029,0.1857559179917172
Rhein-Neckar-Kreis (Landkreis),2030,0.05390566901267024,0.05477311656000072,0.05564056410733087,0.05650801165466124,0.05737545920199161,0.058242906749321914,0.059110354296652234,0.05997780184398255,0.06084524939131286,0.06171269693864312,0.06258014448597371
Rhein-Neckar-Kreis (Landkreis),2040,0.04770961510316796,0.049816273432398805,0.05192293176162943,0.05402959009086028,0.05613624842009113,0.058242906749321914,0.060349565078552714,0.06245622340778351,0.0645628817370143,0.06666954006624504,0.068776198395476
Rhein-Neckar-Kreis (Landkreis),2050,0.04151356119366567,0.04485943030479711,0.048205299415927994,0.05155116852705943,0.054897037638190704,0.058242906749321914,0.06158877586045314,0.06493464497158435,0.06828051408271574,0.07162638319384673,0.07497225230497828
Rhein-Neckar-Kreis (Landkreis),2060,0.03531750728416316,0.03990258717719519,0.044487667070226666,0.04907274696325847,0.053657826856290225,0.058242906749321914,0.06282798664235362,0.06741306653538531,0.07199814642841706,0.07658322632144865,0.08116830621448079
Rhein-Neckar-Kreis (Landkreis),2070,0.029121453374660877,0.034945744049593275,0.04077003472452523,0.046594325399457515,0.052418616074389746,0.058242906749321914,0.0640671974242541,0.06989148809918627,0.0757157787741185,0.08154006944905057,0.08736436012398308
Rottweil (Landkreis),2030,0.16807349357990864,0.17077812451108,0.1734827554422509,0.1761873863734218,0.1788920173045927,0.18159664823576355,0.1843012791669345,0.1870059100981054,0.18971054102927631,0.19241517196044722,0.19511980289161812
Rottweil (Landkreis),2040,0.14875470121440193,0.15532309061867444,0.16189148002294695,0.16845986942721902,0.1750282588314913,0.18159664823576355,0.1881650376400359,0.19473342704430818,0.20130181644858025,0.20787020585285276,0.21443859525712483
Rottweil (Landkreis),2050,0.12943590884889522,0.1398680567262689,0.15030020460364257,0.16073235248101625,0.17116450035838993,0.18159664823576355,0.19202879611313728,0.20246094399051096,0.21289309186788463,0.2233252397452583,0.23375738762263154
Rottweil (Landkreis),2060,0.11011711648338807,0.1244130228338638,0.13870892918433864,0.1530048355348137,0.16730074188528865,0.18159664823576355,0.19589255458623855,0.2101884609367135,0.22448436728718857,0.2387802736376634,0.2530761799881387
Rottweil (Landkreis),2070,0.09079832411788136,0.10895798894145825,0.1271176537650347,0.14527731858861093,0.16343698341218726,0.18159664823576355,0.19975631305933994,0.21791597788291628,0.2360756427064925,0.25423530753006895,0.2723949723536454
Schwarzwald-Baar-Kreis (Landkreis),2030,0.13705462738755259,0.13926010415011092,0.14146558091266925,0.14367105767522736,0.1458765344377857,0.14808201120034406,0.15028748796290237,0.1524929647254607,0.15469844148801903,0.1569039182505776,0.15910939501313592
Schwarzwald-Baar-Kreis (Landkreis),2040,0.12130122194070747,0.12665737979263492,0.13201353764456214,0.13736969549648936,0.1427258533484167,0.14808201120034406,0.15343816905227137,0.1587943269041987,0.16415048475612615,0.1695066426080536,0.17486280045998104
Schwarzwald-Baar-Kreis (Landkreis),2050,0.10554781649386236,0.11405465543515891,0.12256149437645525,0.13106833331775136,0.1395751722590477,0.14808201120034406,0.15658885014164037,0.1650956890829367,0.17360252802423304,0.1821093669655296,0.19061620590682615
Schwarzwald-Baar-Kreis (Landkreis),2060,0.08979441104701724,0.10145193107768291,0.11310945110834814,0.12476697113901336,0.1364244911696787,0.14808201120034406,0.15973953123100937,0.1713970512616747,0.18305457129234015,0.1947120913230056,0.20636961135367127
Schwarzwald-Baar-Kreis (Landkreis),2070,0.07404100560017213,0.08884920672020646,0.10365740784024102,0.11846560896027514,0.13327381008030958,0.14808201120034406,0.16289021232037848,0.17769841344041293,0.19250661456044726,0.20731481568048205,0.22212301680051638
Schwäbisch Hall (Landkreis),2030,0.15101252548377175,0.15344261210075194,0.15587269871773213,0.1583027853347121,0.1607328719516924,0.16316295856867252,0.16559304518565277,0.16802313180263284,0.17045321841961303,0.17288330503659344,0.17531339165357362
Schwäbisch Hall (Landkreis),2040,0.13365476393391296,0.1395564028608649,0.14545804178781685,0.15135968071476857,0.15726131964172063,0.16316295856867252,0.16906459749562452,0.17496623642257636,0.1808678753495283,0.18676951427648047,0.19267115320343242
Schwäbisch Hall (Landkreis),2050,0.11629700238405416,0.12567019362097787,0.13504338485790157,0.14441657609482506,0.15378976733174887,0.16316295856867252,0.17253614980559628,0.18190934104251988,0.19128253227944358,0.2006557235163675,0.21002891475329122
Schwäbisch Hall (Landkreis),2060,0.09893924083419536,0.11178398438109083,0.1246287279279863,0.13747347147488154,0.1503182150217771,0.16316295856867252,0.17600770211556804,0.1888524456624634,0.20169718920935886,0.21454193275625455,0.22738667630315001
Schwäbisch Hall (Landkreis),2070,0.08158147928433657,0.09789777514120379,0.11421407099807102,0.13053036685493802,0.14684666271180535,0.16316295856867252,0.1794792544255398,0.19579555028240692,0.21211184613927414,0.2284281419961416,0.2447444378530088
Sigmaringen (Landkreis),2030,0.11730366531583769,0.11919131050482878,0.12107895569381877,0.12296660088280942,0.12485424607179985,0.1267418912607903,0.1286295364497807,0.13051718163877113,0.13240482682776178,0.1342924720167522,0.1361801172057433
Sigmaringen (Landkreis),2040,0.1038204853944773,0.10840476656774012,0.11298904774100227,0.11757332891426509,0.12215761008752768,0.1267418912607903,0.13132617243405287,0.13591045360731546,0.14049473478057828,0.14507901595384087,0.1496632971271037
Sigmaringen (Landkreis),2050,0.09033730547311647,0.09761822263065145,0.10489913978818599,0.11218005694572075,0.11946097410325551,0.1267418912607903,0.13402280841832503,0.1413037255758598,0.14858464273339456,0.15586555989092954,0.16314647704846452
Sigmaringen (Landkreis),2060,0.07685412555175564,0.08683167869356323,0.09680923183536949,0.10678678497717664,0.11676433811898346,0.1267418912607903,0.1367194444025971,0.1466969975444039,0.15667455068621106,0.16665210382801776,0.17662965696982535
Sigmaringen (Landkreis),2070,0.06337094563039525,0.07604513475647456,0.08871932388255321,0.10139351300863231,0.11406770213471129,0.1267418912607903,0.13941608038686926,0.15209026951294824,0.16476445863902733,0.17743864776510643,0.19011283689118574
Stuttgart (kreisfreie Stadt),2030,0.10211765479139734,0.10376092739723597,0.10540420000307482,0.10704747260891334,0.1086907452147518,0.1103340178205904,0.11197729042642895,0.11362056303226753,0.11526383563810616,0.11690710824394479,0.1185503808497832
Stuttgart (kreisfreie Stadt),2040,0.09037999332112179,0.09437079822101557,0.09836160312090936,0.10235240802080314,0.1063432129206967,0.1103340178205904,0.11432482272048405,0.11831562762037773,0.12230643252027162,0.1262972374201652,0.13028804232005875
Stuttgart (kreisfreie Stadt),2050,0.07864233185084624,0.08498066904479518,0.09131900623874412,0.09765734343269294,0.1039956806266416,0.1103340178205904,0.11667235501453915,0.12301069220848793,0.12934902940243687,0.13568736659638558,0.1420257037903343
Stuttgart (kreisfreie Stadt),2060,0.06690467038057069,0.07559053986857456,0.08427640935657865,0.09296227884458264,0.10164814833258645,0.1103340178205904,0.11901988730859431,0.12770575679659824,0.13639162628460233,0.1450774957726062,0.15376336526060985
Stuttgart (kreisfreie Stadt),2070,0.05516700891029469,0.06620041069235416,0.07723381247441341,0.08826721425647244,0.09930061603853135,0.1103340178205904,0.1213674196026494,0.13240082138470843,0.14343422316676757,0.1544676249488266,0.16550102673088585
Tuttlingen (Landkreis),2030,0.23574550282295892,0.23953910861551275,0.24333271440806659,0.24712632020061998,0.25091992599317314,0.2547135317857266,0.2585071375782799,0.2623007433708333,0.2660943491633869,0.26988795495593987,0.2736815607484937
Tuttlingen (Landkreis),2040,0.2086483185904351,0.2178613612294935,0.22707440386855193,0.23628744650761035,0.24550048914666833,0.2547135317857266,0.26392657442478473,0.27313961706384293,0.2823526597029016,0.2915657023419591,0.30077874498101753
Tuttlingen (Landkreis),2050,0.18155113435791126,0.19618361384347427,0.21081609332903772,0.22544857281460073,0.24008105230016352,0.2547135317857266,0.26934601127128954,0.28397849075685255,0.2986109702424158,0.31324344972797835,0.32787592921354136
Tuttlingen (Landkreis),2060,0.15445395012538654,0.17450586645745503,0.19455778278952307,0.2146096991215911,0.2346616154536587,0.2547135317857266,0.27476544811779435,0.2948173644498622,0.31486928078193044,0.3349211971139976,0.3549731134460661
Tuttlingen (Landkreis),2070,0.1273567658928627,0.1528281190714349,0.17829947225000886,0.20377082542858105,0.22924217860715368,0.2547135317857266,0.2801848849642994,0.30565623814287224,0.33112759132144465,0.3565989445000177,0.3820702976785899
Tübingen (Landkreis),2030,0.0731374356977641,0.0743143599503715,0.07549128420297935,0.07666820845558697,0.07784513270819465,0.07902205696080242,0.08019898121341013,0.08137590546601792,0.08255282971862554,0.08372975397123339,0.08490667822384079
Tübingen (Landkreis),2040,0.06473083389342338,0.0675890785068991,0.07044732312037505,0.07330556773385077,0.07616381234732655,0.07902205696080242,0.08188030157427822,0.08473854618775412,0.08759679080122984,0.09045503541470579,0.09331328002818151
Tübingen (Landkreis),2050,0.05632423208908266,0.060863797063426484,0.06540336203777053,0.06994292701211446,0.0744824919864584,0.07902205696080242,0.08356162193514638,0.08810118690949043,0.09264075188383436,0.0971803168581784,0.10171988183252223
Tübingen (Landkreis),2060,0.04791763028474194,0.054138515619953864,0.06035940095516623,0.06658028629037815,0.07280117162559024,0.07902205696080242,0.08524294229601453,0.09146382763122674,0.09768471296643866,0.10390559830165103,0.11012648363686295
Tübingen (Landkreis),2070,0.03951102848040122,0.04741323417648147,0.05531543987256171,0.06321764556864196,0.07111985126472214,0.07902205696080242,0.08692426265688263,0.09482646835296293,0.10272867404904318,0.11063087974512342,0.11853308544120367
Ulm (kreisfreie Stadt),2030,0.13363740094271614,0.13578788785443852,0.13793837476616,0.14008886167788193,0.14223934858960374,0.14438983550132561,0.14654032241304743,0.1486908093247692,0.15084129623649134,0.15299178314821305,0.15514227005993542
Ulm (kreisfreie Stadt),2040,0.11827678014470289,0.12349939121602782,0.1287220022873521,0.13394461335867658,0.13916722443000107,0.14438983550132561,0.1496124465726501,0.15483505764397454,0.16005766871529925,0.16528027978662374,0.17050289085794867
Ulm (kreisfreie Stadt),2050,0.10291615934668963,0.11121089457761713,0.11950562980854418,0.12780036503947123,0.1360951002703984,0.14438983550132561,0.15268457073225278,0.1609793059631799,0.16927404119410716,0.17756877642503444,0.18586351165596193
Ulm (kreisfreie Stadt),2060,0.08755553854867637,0.09892239793920643,0.11028925732973605,0.12165611672026588,0.13302297611079572,0.14438983550132561,0.15575669489185545,0.16712355428238523,0.1784904136729153,0.18985727306344513,0.2012241324539752
Ulm (kreisfreie Stadt),2070,0.07219491775066267,0.08663390130079573,0.10107288485092814,0.11551186840106054,0.12995085195119305,0.14438983550132561,0.15882881905145813,0.17326780260159058,0.1877067861517232,0.20214576970185583,0.2165847532519889
Waldshut (Landkreis),2030,0.07192421297330198,0.07308161410160818,0.07423901522991416,0.07539641635822003,0.07655381748652607,0.07771121861483202,0.07886861974313802,0.08002602087144395,0.08118342199974993,0.08234082312805602,0.08349822425636222
Waldshut (Landkreis),2040,0.06365706205683042,0.06646789336843084,0.06927872468003127,0.07208955599163136,0.07490038730323173,0.07771121861483202,0.08052204992643236,0.08333288123803262,0.08614371254963282,0.08895454386123336,0.09176537517283379
Waldshut (Landkreis),2050,0.05538991114035907,0.05985417263525372,0.06431843413014837,0.0687826956250428,0.07324695711993745,0.07771121861483202,0.08217548010972664,0.08663974160462118,0.09110400309951572,0.09556826459441048,0.10003252608930513
Waldshut (Landkreis),2060,0.047122760223887505,0.0532404519020766,0.05935814358026548,0.06547583525845424,0.07159352693664317,0.07771121861483202,0.08382891029302092,0.08994660197120974,0.09606429364939861,0.1021819853275876,0.1082996770057767
Waldshut (Landkreis),2070,0.03885560930741594,0.04662673116889926,0.05439785303038258,0.06216897489186557,0.06994009675334889,0.07771121861483202,0.0854823404763152,0.09325346233779841,0.10102458419928151,0.10879570606076494,0.11656682792224826
Zollernalbkreis (Landkreis),2030,0.1290504728052908,0.13112714708031836,0.13320382135534614,0.13528049563037392,0.1373571699054016,0.1394338441804292,0.14151051845545687,0.1435871927304846,0.14566386700551237,0.1477405412805397,0.14981721555556726
Zollernalbkreis (Landkreis),2040,0.11421708512652184,0.11926043693730337,0.12430378874808468,0.12934714055886642,0.13439049236964784,0.1394338441804292,0.14447719599121062,0.1495205478019921,0.15456389961277384,0.1596072514235547,0.16465060323433622
Zollernalbkreis (Landkreis),2050,0.09938369744775244,0.10739372679428794,0.11540375614082321,0.12341378548735871,0.13142381483389398,0.1394338441804292,0.14744387352696448,0.1554539028734998,0.1634639322200353,0.17147396156657013,0.17948399091310563
Zollernalbkreis (Landkreis),2060,0.08455030976898348,0.09552701665127294,0.10650372353356197,0.11748043041585121,0.12845713729814023,0.1394338441804292,0.15041055106271822,0.1613872579450073,0.17236396482729655,0.18334067170958512,0.1943173785918746
Zollernalbkreis (Landkreis),2070,0.06971692209021452,0.08366030650825751,0.0976036909263005,0.1115470753443435,0.12549045976238637,0.1394338441804292,0.15337722859847208,0.16732061301651502,0.181263997434558,0.19520738185260056,0.20915076627064355
