DN_DT,Jahr,rate_-70,rate_-60,rate_-50,rate_-40,rate_-30,rate_-20,rate_-10,rate_0,rate_10,rate_20,rate_30,rate_40,rate_50,rate_60,rate_70
Alb-Donau-Kreis (Landkreis),2030,180527,183561,186596,189631,192665,195700,198734,201769,204804,207838,210873,213907,216942,219977,223011
Alb-Donau-Kreis (Landkreis),2040,150308,157659,165011,172362,179714,187066,194417,201769,209121,216472,223824,231176,238527,245879,253230
Alb-Donau-Kreis (Landkreis),2050,120236,131884,143531,155179,166826,178474,190121,201769,213417,225064,236712,248359,260007,271654,283302
Alb-Donau-Kreis (Landkreis),2060,90311,106234,122156,138078,154001,169924,185846,201769,217692,233614,249537,265460,281382,297304,313227
Alb-Donau-Kreis (Landkreis),2070,60531,80708,100884,121061,141238,161415,181592,201769,221946,242123,262300,282477,302654,322830,343007
Baden-Baden (kreisfreie Stadt),2030,50575,51425,52275,53125,53976,54826,55676,56526,57376,58226,59076,59927,60777,61627,62477
Baden-Baden (kreisfreie Stadt),2040,42109,44168,46228,48288,50347,52407,54466,56526,58586,60645,62705,64764,66824,68884,70943
Baden-Baden (kreisfreie Stadt),2050,33685,36947,40211,43474,46737,50000,53263,56526,59789,63052,66315,69578,72841,76105,79367
Baden-Baden (kreisfreie Stadt),2060,25301,29761,34222,38683,43144,47605,52065,56526,60987,65447,69908,74369,78830,83291,87751
Baden-Baden (kreisfreie Stadt),2070,16958,22610,28263,33916,39568,45221,50873,56526,62179,67831,73484,79136,84789,90442,96094
Biberach (Landkreis),2030,185013,188123,191233,194343,197453,200563,203673,206783,209893,213003,216113,219223,222333,225443,228553
Biberach (Landkreis),2040,154043,161577,169112,176646,184180,191714,199249,206783,214317,221852,229386,236920,244454,251989,259523
Biberach (Landkreis),2050,123224,135161,147098,159035,170972,182909,194846,206783,218720,230657,242594,254531,266468,278405,290342
Biberach (Landkreis),2060,92555,108873,125192,141510,157828,174146,190465,206783,223101,239420,255738,272056,288374,304693,321011
Biberach (Landkreis),2070,62035,82713,103392,124070,144748,165426,186105,206783,227461,248140,268818,289496,310174,330853,351531
Bodenseekreis (Landkreis),2030,197919,201246,204573,207900,211227,214554,217881,221208,224535,227862,231189,234516,237843,241170,244497
Bodenseekreis (Landkreis),2040,164788,172848,180908,188968,197028,205088,213148,221208,229268,237328,245388,253448,261508,269568,277628
Bodenseekreis (Landkreis),2050,131820,144590,157359,170129,182899,195668,208438,221208,233978,246748,259517,272287,285057,297826,310596
Bodenseekreis (Landkreis),2060,99011,116468,133925,151382,168838,186294,203751,221208,238665,256122,273578,291034,308491,325948,343405
Bodenseekreis (Landkreis),2070,66362,88483,110604,132725,154846,176966,199087,221208,243329,265450,287570,309691,331812,353933,376054
Breisgau-Hochschwarzwald (Landkreis),2030,243343,247434,251524,255615,259705,263796,267886,271977,276068,280158,284249,288339,292430,296520,300611
Breisgau-Hochschwarzwald (Landkreis),2040,202609,212519,222428,232338,242248,252158,262067,271977,281887,291796,301706,311616,321526,331435,341345
Breisgau-Hochschwarzwald (Landkreis),2050,162074,177774,193474,209175,224876,240576,256276,271977,287678,303378,319078,334779,350480,366180,381880
Breisgau-Hochschwarzwald (Landkreis),2060,121736,143199,164661,186125,207588,229051,250514,271977,293440,314903,336366,357829,379293,400755,422218
Breisgau-Hochschwarzwald (Landkreis),2070,81593,108791,135988,163186,190384,217582,244779,271977,299175,326372,353570,380768,407966,435163,462361
Böblingen (Landkreis),2030,352753,358683,364613,370542,376472,382402,388331,394261,400191,406120,412050,417980,423909,429839,435769
Böblingen (Landkreis),2040,293704,308069,322435,336800,351165,365531,379896,394261,408626,422991,437357,451722,466087,480453,494818
Böblingen (Landkreis),2050,234944,257703,280463,303223,325982,348742,371501,394261,417021,439780,462540,485299,508059,530819,553578
Böblingen (Landkreis),2060,176469,207582,238695,269809,300922,332035,363148,394261,425374,456487,487600,518713,549827,580940,612053
Böblingen (Landkreis),2070,118278,157704,197130,236557,275983,315409,354835,394261,433687,473113,512539,551965,591392,630818,670244
Calw (Landkreis),2030,144212,146636,149060,151484,153909,156333,158757,161181,163605,166029,168453,170878,173302,175726,178150
Calw (Landkreis),2040,120071,125944,131817,137690,143563,149436,155308,161181,167054,172926,178799,184672,190545,196418,202291
Calw (Landkreis),2050,96049,105354,114658,123963,133268,142572,151877,161181,170485,179790,189094,198399,207704,217008,226313
Calw (Landkreis),2060,72144,84863,97583,110303,123022,135742,148461,161181,173901,186620,199340,212059,224779,237499,250218
Calw (Landkreis),2070,48354,64472,80590,96709,112827,128945,145063,161181,177299,193417,209535,225653,241772,257890,274008
Emmendingen (Landkreis),2030,151628,154177,156726,159275,161824,164372,166921,169470,172019,174568,177116,179665,182214,184763,187312
Emmendingen (Landkreis),2040,126246,132421,138596,144771,150946,157120,163295,169470,175645,181820,187994,194169,200344,206519,212694
Emmendingen (Landkreis),2050,100989,110772,120555,130338,140121,149904,159687,169470,179253,189036,198819,208602,218385,228168,237951
Emmendingen (Landkreis),2060,75854,89228,102601,115975,129349,142723,156096,169470,182844,196217,209591,222965,236339,249712,263086
Emmendingen (Landkreis),2070,50841,67788,84735,101682,118629,135576,152523,169470,186417,203364,220311,237258,254205,271152,288099
Enzkreis (Landkreis),2030,178835,181841,184847,187853,190860,193866,196872,199878,202884,205890,208896,211903,214909,217915,220921
Enzkreis (Landkreis),2040,148899,156182,163464,170747,178030,185312,192595,199878,207161,214444,221726,229009,236292,243574,250857
Enzkreis (Landkreis),2050,119109,130647,142186,153725,165263,176801,188339,199878,211417,222955,234493,246031,257570,269109,280647
Enzkreis (Landkreis),2060,89464,105238,121011,136785,152558,168331,184104,199878,215652,231425,247198,262971,278745,294518,310292
Enzkreis (Landkreis),2070,59963,79951,99939,119927,139915,159902,179890,199878,219866,239854,259841,279829,299817,319805,339793
Esslingen (Landkreis),2030,479594,487656,495718,503780,511842,519903,527965,536027,544089,552151,560212,568274,576336,584398,592460
Esslingen (Landkreis),2040,399313,418843,438374,457904,477435,496966,516496,536027,555558,575088,594619,614150,633680,653211,672741
Esslingen (Landkreis),2050,319424,350367,381311,412254,443197,474141,505083,536027,566971,597913,628857,659800,690743,721687,752630
Esslingen (Landkreis),2060,239923,282224,324525,366825,409126,451426,493726,536027,578328,620628,662928,705229,747529,789830,832131
Esslingen (Landkreis),2070,160808,214411,268014,321616,375219,428822,482424,536027,589630,643232,696835,750438,804040,857643,911246
Freiburg im Breisgau (kreisfreie Stadt),2030,211365,214918,218471,222024,225577,229130,232683,236236,239789,243342,246895,250448,254001,257554,261107
Freiburg im Breisgau (kreisfreie Stadt),2040,175984,184591,193199,201806,210414,219021,227628,236236,244844,253451,262058,270666,279273,287881,296488
Freiburg im Breisgau (kreisfreie Stadt),2050,140775,154412,168050,181687,195324,208962,222599,236236,249873,263510,277148,290785,304422,318060,331697
Freiburg im Breisgau (kreisfreie Stadt),2060,105738,124380,143023,161666,180308,198951,217593,236236,254879,273521,292164,310806,329449,348092,366734
Freiburg im Breisgau (kreisfreie Stadt),2070,70871,94494,118118,141742,165365,188989,212612,236236,259860,283483,307107,330730,354354,377978,401601
Freudenstadt (Landkreis),2030,109067,110901,112734,114568,116401,118234,120068,121901,123734,125568,127401,129234,131068,132901,134735
Freudenstadt (Landkreis),2040,90810,95251,99693,104135,108576,113018,117459,121901,126343,130784,135226,139667,144109,148551,152992
Freudenstadt (Landkreis),2050,72642,79679,86716,93753,100790,107827,114864,121901,128938,135975,143012,150049,157086,164123,171160
Freudenstadt (Landkreis),2060,54562,64182,73802,83422,93042,102662,112281,121901,131521,141140,150760,160380,170000,179620,189240
Freudenstadt (Landkreis),2070,36570,48760,60950,73141,85331,97521,109711,121901,134091,146281,158471,170661,182852,195042,207232
Göppingen (Landkreis),2030,231940,235839,239738,243637,247535,251434,255333,259232,263131,267030,270929,274827,278726,282625,286524
Göppingen (Landkreis),2040,193115,202560,212005,221451,230896,240341,249787,259232,268677,278123,287568,297013,306459,315904,325349
Göppingen (Landkreis),2050,154479,169444,184408,199373,214338,229303,244267,259232,274197,289161,304126,319091,334056,349020,363985
Göppingen (Landkreis),2060,116031,136489,156946,177403,197860,218318,238775,259232,279689,300146,320604,341061,361518,381975,402433
Göppingen (Landkreis),2070,77770,103693,129616,155539,181462,207386,233309,259232,285155,311078,337002,362925,388848,414771,440694
Heidelberg (kreisfreie Stadt),2030,138838,141172,143506,145840,148173,150507,152841,155175,157509,159843,162177,164510,166844,169178,171512
Heidelberg (kreisfreie Stadt),2040,115597,121251,126905,132559,138213,143867,149521,155175,160829,166483,172137,177791,183445,189099,194753
Heidelberg (kreisfreie Stadt),2050,92470,101428,110386,119344,128301,137259,146217,155175,164133,173091,182049,191006,199964,208922,217880
Heidelberg (kreisfreie Stadt),2060,69455,81701,93947,106193,118438,130684,142930,155175,167420,179666,191912,204157,216403,228649,240895
Heidelberg (kreisfreie Stadt),2070,46552,62070,77588,93105,108622,124140,139658,155175,170692,186210,201728,217245,232762,248280,263798
Heidenheim (Landkreis),2030,121003,123037,125071,127105,129139,131173,133207,135241,137275,139309,141343,143377,145411,147445,149479
Heidenheim (Landkreis),2040,100748,105675,110603,115531,120458,125386,130313,135241,140169,145096,150024,154951,159879,164807,169734
Heidenheim (Landkreis),2050,80591,88398,96205,104013,111820,119627,127434,135241,143048,150855,158662,166469,174277,182084,189891
Heidenheim (Landkreis),2060,60533,71206,81878,92551,103224,113896,124569,135241,145913,156586,167258,177931,188604,199276,209949
Heidenheim (Landkreis),2070,40572,54096,67620,81145,94669,108193,121717,135241,148765,162289,175813,189337,202862,216386,229910
Heilbronn (Landkreis),2030,316381,321699,327018,332336,337654,342972,348291,353609,358927,364246,369564,374882,380200,385519,390837
Heilbronn (Landkreis),2040,263421,276305,289189,302073,314957,327841,340725,353609,366493,379377,392261,405145,418029,430913,443797
Heilbronn (Landkreis),2050,210719,231132,251544,271957,292370,312783,333196,353609,374022,394435,414848,435261,455674,476086,496499
Heilbronn (Landkreis),2060,158274,186179,214084,241989,269894,297799,325704,353609,381514,409419,437324,465229,493134,521039,548944
Heilbronn (Landkreis),2070,106083,141444,176804,212165,247526,282887,318248,353609,388970,424331,459692,495053,530414,565774,601135
Heilbronn (kreisfreie Stadt),2030,117793,119773,121753,123733,125713,127693,129673,131653,133633,135613,137593,139573,141553,143533,145513
Heilbronn (kreisfreie Stadt),2040,98075,102872,107668,112465,117262,122059,126856,131653,136450,141247,146044,150841,155638,160434,165231
Heilbronn (kreisfreie Stadt),2050,78453,86053,93653,101253,108853,116453,124053,131653,139253,146853,154453,162053,169653,177253,184853
Heilbronn (kreisfreie Stadt),2060,58927,69317,79706,90096,100485,110874,121264,131653,142042,152432,162821,173210,183600,193989,204379
Heilbronn (kreisfreie Stadt),2070,39496,52661,65826,78992,92157,105322,118488,131653,144818,157984,171149,184314,197480,210645,223810
Hohenlohekreis (Landkreis),2030,103192,104927,106662,108396,110131,111866,113600,115335,117070,118804,120539,122274,124008,125743,127478
Hohenlohekreis (Landkreis),2040,85918,90121,94324,98526,102728,106930,111133,115335,119537,123740,127942,132144,136346,140549,144752
Hohenlohekreis (Landkreis),2050,68729,75387,82045,88703,95361,102019,108677,115335,121993,128651,135309,141967,148625,155283,161941
Hohenlohekreis (Landkreis),2060,51623,60725,69827,78928,88030,97132,106234,115335,124436,133538,142640,151742,160843,169945,179047
Hohenlohekreis (Landkreis),2070,34600,46134,57668,69201,80734,92268,103802,115335,126868,138402,149936,161469,173002,184536,196070
Karlsruhe (Landkreis),2030,407411,414259,421108,427956,434805,441653,448502,455350,462198,469047,475895,482744,489592,496441,503289
Karlsruhe (Landkreis),2040,339212,355803,372395,388986,405577,422168,438759,455350,471941,488532,505123,521714,538305,554897,571488
Karlsruhe (Landkreis),2050,271347,297634,323920,350206,376492,402778,429064,455350,481636,507922,534208,560494,586780,613066,639353
Karlsruhe (Landkreis),2060,203813,239747,275680,311614,347548,383482,419416,455350,491284,527218,563152,599086,635020,670953,706887
Karlsruhe (Landkreis),2070,136605,182140,227675,273210,318745,364280,409815,455350,500885,546420,591955,637490,683025,728560,774095
Karlsruhe (kreisfreie Stadt),2030,275750,280385,285021,289656,294291,298927,303562,308197,312832,317467,322103,326738,331373,336009,340644
Karlsruhe (kreisfreie Stadt),2040,229591,240820,252050,263279,274509,285738,296967,308197,319427,330656,341885,353115,364344,375574,386803
Karlsruhe (kreisfreie Stadt),2050,183657,201449,219240,237031,254823,272615,290405,308197,325989,343779,361571,379363,397154,414945,432737
Karlsruhe (kreisfreie Stadt),2060,137948,162269,186590,210911,235233,259555,283875,308197,332519,356839,381161,405483,429804,454125,478446
Karlsruhe (kreisfreie Stadt),2070,92459,123279,154098,184918,215738,246558,277377,308197,339017,369836,400656,431476,462296,493115,523935
Konstanz (Landkreis),2030,260719,265101,269484,273867,278249,282632,287014,291397,295780,300162,304545,308927,313310,317693,322075
Konstanz (Landkreis),2040,217076,227693,238310,248928,259545,270163,280780,291397,302014,312631,323249,333866,344484,355101,365718
Konstanz (Landkreis),2050,173646,190468,207289,224111,240932,257754,274575,291397,308219,325040,341862,358683,375505,392326,409148
Konstanz (Landkreis),2060,130428,153424,176419,199415,222410,245406,268401,291397,314393,337388,360384,383379,406375,429370,452366
Konstanz (Landkreis),2070,87419,116559,145698,174838,203978,233118,262257,291397,320537,349676,378816,407956,437096,466235,495375
Ludwigsburg (Landkreis),2030,478504,486547,494591,502634,510678,518721,526764,534808,542852,550895,558938,566982,575025,583069,591112
Ludwigsburg (Landkreis),2040,398404,417891,437377,456863,476350,495835,515322,534808,554294,573781,593266,612753,632239,651725,671212
Ludwigsburg (Landkreis),2050,318697,349570,380443,411316,442189,473062,503935,534808,565681,596554,627427,658300,689173,720046,750919
Ludwigsburg (Landkreis),2060,239377,281582,323786,365991,408195,450399,492604,534808,577012,619217,661421,703625,745830,788034,830239
Ludwigsburg (Landkreis),2070,160442,213923,267404,320885,374366,427846,481327,534808,588289,641770,695250,748731,802212,855693,909174
Lörrach (Landkreis),2030,212238,215806,219374,222941,226509,230077,233644,237212,240780,244347,247915,251483,255050,258618,262186
Lörrach (Landkreis),2040,176711,185354,193997,202640,211283,219926,228569,237212,245855,254498,263141,271784,280427,289070,297713
Lörrach (Landkreis),2050,141357,155051,168744,182438,196131,209825,223519,237212,250905,264599,278293,291986,305680,319373,333067
Lörrach (Landkreis),2060,106175,124895,143614,162334,181053,199773,218493,237212,255931,274651,293371,312090,330810,349529,368249
Lörrach (Landkreis),2070,71164,94885,118606,142327,166048,189770,213491,237212,260933,284654,308376,332097,355818,379539,403260
Main-Tauber-Kreis (Landkreis),2030,119409,121416,123423,125430,127437,129445,131452,133459,135466,137473,139481,141488,143495,145502,147509
Main-Tauber-Kreis (Landkreis),2040,99420,104283,109146,114008,118871,123734,128596,133459,138322,143184,148047,152910,157772,162635,167498
Main-Tauber-Kreis (Landkreis),2050,79530,87234,94938,102642,110346,118050,125755,133459,141163,148868,156572,164276,171980,179684,187388
Main-Tauber-Kreis (Landkreis),2060,59736,70268,80800,91331,101863,112395,122927,133459,143991,154523,165055,175587,186118,196650,207182
Main-Tauber-Kreis (Landkreis),2070,40038,53384,66730,80075,93421,106767,120113,133459,146805,160151,173497,186843,200188,213534,226880
Mannheim (kreisfreie Stadt),2030,282961,287717,292474,297230,301987,306743,311499,316256,321013,325769,330525,335282,340038,344795,349551
Mannheim (kreisfreie Stadt),2040,235595,247117,258641,270164,281687,293210,304733,316256,327779,339302,350825,362348,373871,385395,396917
Mannheim (kreisfreie Stadt),2050,188460,206716,224973,243230,261486,279743,297999,316256,334513,352769,371026,389282,407539,425796,444052
Mannheim (kreisfreie Stadt),2060,141555,166512,191469,216427,241384,266342,291298,316256,341214,366170,391128,416085,441043,466000,490957
Mannheim (kreisfreie Stadt),2070,94877,126502,158128,189754,221379,253005,284630,316256,347882,379507,411133,442758,474384,506010,537635
Neckar-Odenwald-Kreis (Landkreis),2030,130344,132535,134726,136917,139108,141299,143490,145681,147872,150063,152254,154445,156636,158827,161018
Neckar-Odenwald-Kreis (Landkreis),2040,108525,113833,119141,124449,129757,135065,140373,145681,150989,156297,161605,166913,172221,177529,182837
Neckar-Odenwald-Kreis (Landkreis),2050,86813,95222,103632,112042,120452,128862,137271,145681,154091,162500,170910,179320,187730,196140,204549
Neckar-Odenwald-Kreis (Landkreis),2060,65206,76702,88199,99696,111192,122688,134185,145681,157177,168674,180170,191666,203163,214660,226156
Neckar-Odenwald-Kreis (Landkreis),2070,43704,58272,72840,87409,101977,116545,131113,145681,160249,174817,189385,203953,218522,233090,247658
Ortenaukreis (Landkreis),2030,396792,403462,410132,416802,423472,430142,436812,443482,450152,456822,463492,470162,476832,483502,490172
Ortenaukreis (Landkreis),2040,330372,346530,362689,378847,395006,411165,427323,443482,459641,475799,491958,508117,524275,540434,556592
Ortenaukreis (Landkreis),2050,264275,289876,315477,341078,366679,392280,417881,443482,469083,494684,520285,545886,571487,597088,622689
Ortenaukreis (Landkreis),2060,198501,233498,268495,303492,338490,373488,408485,443482,478479,513476,548474,583472,618469,653466,688463
Ortenaukreis (Landkreis),2070,133045,177393,221741,266089,310437,354786,399134,443482,487830,532178,576527,620875,665223,709571,753919
Ostalbkreis (Landkreis),2030,283862,288633,293405,298177,302948,307720,312491,317263,322035,326806,331578,336349,341121,345893,350664
Ostalbkreis (Landkreis),2040,236345,247904,259464,271024,282584,294143,305703,317263,328823,340383,351942,363502,375062,386622,398181
Ostalbkreis (Landkreis),2050,189060,207375,225690,244004,262319,280633,298948,317263,335578,353893,372207,390522,408836,427151,445466
Ostalbkreis (Landkreis),2060,142006,167042,192079,217116,242153,267189,292226,317263,342300,367337,392373,417410,442447,467484,492520
Ostalbkreis (Landkreis),2070,95179,126905,158632,190358,222084,253810,285537,317263,348989,380716,412442,444168,475894,507621,539347
Pforzheim (kreisfreie Stadt),2030,120865,122897,124929,126960,128992,131024,133055,135087,137119,139150,141182,143214,145245,147277,149309
Pforzheim (kreisfreie Stadt),2040,100633,105555,110477,115399,120321,125243,130165,135087,140009,144931,149853,154775,159697,164619,169541
Pforzheim (kreisfreie Stadt),2050,80500,88298,96096,103894,111692,119491,127289,135087,142885,150683,158482,166280,174078,181876,189674
Pforzheim (kreisfreie Stadt),2060,60464,71125,81786,92445,103106,113767,124426,135087,145748,156407,167068,177729,188388,199049,209710
Pforzheim (kreisfreie Stadt),2070,40526,54035,67544,81052,94561,108070,121578,135087,148596,162104,175613,189122,202630,216139,229648
Rastatt (Landkreis),2030,206999,210478,213958,217438,220917,224397,227876,231356,234836,238315,241795,245274,248754,252234,255713
Rastatt (Landkreis),2040,172348,180778,189208,197637,206067,214497,222926,231356,239786,248215,256645,265075,273504,281934,290364
Rastatt (Landkreis),2050,137867,151223,164578,177934,191289,204645,218000,231356,244712,258067,271423,284778,298134,311489,324845
Rastatt (Landkreis),2060,103554,121811,140069,158327,176584,194841,213098,231356,249614,267871,286128,304385,322643,340901,359158
Rastatt (Landkreis),2070,69407,92542,115678,138814,161949,185085,208220,231356,254492,277627,300763,323898,347034,370170,393305
Ravensburg (Landkreis),2030,259223,263580,267938,272295,276653,281010,285367,289725,294083,298440,302797,307155,311512,315870,320227
Ravensburg (Landkreis),2040,215830,226387,236943,247499,258056,268612,279168,289725,300282,310838,321394,331951,342507,353063,363620
Ravensburg (Landkreis),2050,172650,189375,206100,222825,239550,256275,273000,289725,306450,323175,339900,356625,373350,390075,406800
Ravensburg (Landkreis),2060,129680,152543,175407,198271,221135,243998,266861,289725,312589,335452,358315,381179,404043,426907,449770
Ravensburg (Landkreis),2070,86918,115890,144862,173835,202808,231780,260752,289725,318698,347670,376642,405615,434588,463560,492532
Rems-Murr-Kreis (Landkreis),2030,393769,400388,407007,413627,420246,426865,433484,440103,446722,453341,459960,466579,473199,479818,486437
Rems-Murr-Kreis (Landkreis),2040,327854,343890,359925,375961,391996,408032,424068,440103,456138,472174,488210,504245,520281,536316,552352
Rems-Murr-Kreis (Landkreis),2050,262262,287667,313074,338479,363885,389291,414697,440103,465509,490915,516321,541727,567132,592539,617944
Rems-Murr-Kreis (Landkreis),2060,196988,231719,266450,301180,335911,370641,405373,440103,474833,509565,544295,579026,613756,648487,683218
Rems-Murr-Kreis (Landkreis),2070,132031,176041,220052,264062,308072,352082,396093,440103,484113,528124,572134,616144,660154,704165,748175
Reutlingen (Landkreis),2030,262498,266910,271322,275735,280148,284560,288972,293385,297798,302210,306622,311035,315448,319860,324272
Reutlingen (Landkreis),2040,218557,229247,239936,250626,261316,272006,282695,293385,304075,314764,325454,336144,346834,357523,368213
Reutlingen (Landkreis),2050,174831,191767,208703,225640,242576,259512,276448,293385,310322,327258,344194,361130,378067,395003,411939
Reutlingen (Landkreis),2060,131318,154470,177622,200775,223928,247080,270232,293385,316538,339690,362842,385995,409148,432300,455452
Reutlingen (Landkreis),2070,88016,117354,146692,176031,205370,234708,264046,293385,322724,352062,381400,410739,440078,469416,498754
Rhein-Neckar-Kreis (Landkreis),2030,499092,507482,515871,524261,532650,541040,549429,557819,566209,574598,582988,591377,599767,608156,616546
Rhein-Neckar-Kreis (Landkreis),2040,415547,435871,456196,476520,496845,517170,537494,557819,578144,598468,618793,639118,659442,679767,700091
Rhein-Neckar-Kreis (Landkreis),2050,332410,364611,396813,429013,461215,493416,525618,557819,590020,622222,654423,686625,718825,751027,783228
Rhein-Neckar-Kreis (Landkreis),2060,249678,293698,337718,381738,425758,469778,513799,557819,601839,645860,689880,733900,777920,821940,865960
Rhein-Neckar-Kreis (Landkreis),2070,167346,223128,278910,334691,390473,446255,502037,557819,613601,669383,725165,780947,836728,892510,948292
Rottweil (Landkreis),2030,125569,127679,129790,131901,134012,136122,138233,140344,142455,144566,146676,148787,150898,153009,155119
Rottweil (Landkreis),2040,104549,109663,114776,119890,125003,130117,135231,140344,145457,150571,155685,160798,165912,171025,176139
Rottweil (Landkreis),2050,83632,91734,99836,107937,116039,124141,132243,140344,148445,156547,164649,172751,180852,188954,197056
Rottweil (Landkreis),2060,62817,73893,84968,96043,107118,118193,129269,140344,151419,162495,173570,184645,195720,206795,217871
Rottweil (Landkreis),2070,42103,56138,70172,84206,98241,112275,126310,140344,154378,168413,182447,196482,210516,224550,238585
Schwarzwald-Baar-Kreis (Landkreis),2030,191400,194618,197835,201052,204270,207487,210705,213922,217139,220357,223574,226792,230009,233226,236444
Schwarzwald-Baar-Kreis (Landkreis),2040,159361,167155,174950,182744,190539,198333,206128,213922,221716,229511,237305,245100,252894,260689,268483
Schwarzwald-Baar-Kreis (Landkreis),2050,127478,139827,152176,164525,176874,189224,201573,213922,226271,238620,250970,263319,275668,288017,300366
Schwarzwald-Baar-Kreis (Landkreis),2060,95751,112632,129514,146395,163277,180159,197041,213922,230803,247685,264567,281449,298330,315212,332093
Schwarzwald-Baar-Kreis (Landkreis),2070,64177,85569,106961,128353,149745,171138,192530,213922,235314,256706,278099,299491,320883,342275,363667
Schwäbisch Hall (Landkreis),2030,179478,182495,185512,188529,191546,194563,197580,200597,203614,206631,209648,212665,215682,218699,221716
Schwäbisch Hall (Landkreis),2040,149434,156743,164052,171361,178670,185979,193288,200597,207906,215215,222524,229833,237142,244451,251760
Schwäbisch Hall (Landkreis),2050,119538,131118,142697,154277,165857,177437,189017,200597,212177,223757,235337,246917,258497,270076,281656
Schwäbisch Hall (Landkreis),2060,89786,105617,121446,137276,153107,168937,184767,200597,216427,232257,248087,263918,279748,295577,311408
Schwäbisch Hall (Landkreis),2070,60179,80239,100298,120358,140418,160478,180537,200597,220657,240716,260776,280836,300896,320955,341015
Sigmaringen (Landkreis),2030,118781,120778,122775,124771,126768,128765,130761,132758,134755,136751,138748,140745,142741,144738,146735
Sigmaringen (Landkreis),2040,98898,103735,108572,113409,118247,123084,127921,132758,137595,142432,147269,152107,156944,161781,166618
Sigmaringen (Landkreis),2050,79112,86775,94439,102103,109767,117430,125094,132758,140422,148086,155749,163413,171077,178741,186404
Sigmaringen (Landkreis),2060,59422,69898,80375,90852,101329,111805,122281,132758,143235,153711,164187,174664,185141,195618,206094
Sigmaringen (Landkreis),2070,39827,53103,66379,79655,92931,106206,119482,132758,146034,159310,172585,185861,199137,212413,225689
Stuttgart (kreisfreie Stadt),2030,548563,557784,567005,576226,585448,594669,603890,613111,622332,631553,640774,649996,659217,668438,677659
Stuttgart (kreisfreie Stadt),2040,456736,479075,501415,523754,546093,568433,590772,613111,635450,657789,680129,702468,724807,747147,769486
Stuttgart (kreisfreie Stadt),2050,365359,400752,436145,471538,506932,542325,577718,613111,648504,683897,719290,754684,790077,825470,860863
Stuttgart (kreisfreie Stadt),2060,274426,322809,371193,419577,467960,516344,564727,613111,661495,709878,758262,806645,855029,903413,951796
Stuttgart (kreisfreie Stadt),2070,183933,245244,306556,367867,429178,490489,551800,613111,674422,735733,797044,858355,919666,980978,1042289
Tuttlingen (Landkreis),2030,129694,131874,134054,136235,138415,140595,142775,144955,147135,149315,151495,153675,155856,158036,160216
Tuttlingen (Landkreis),2040,107984,113266,118547,123829,129110,134392,139674,144955,150236,155518,160800,166081,171363,176644,181926
Tuttlingen (Landkreis),2050,86380,94748,103116,111484,119851,128219,136587,144955,153323,161691,170059,178426,186794,195162,203530
Tuttlingen (Landkreis),2060,64881,76320,87760,99199,110637,122077,133516,144955,156394,167833,179273,190711,202150,213590,225029
Tuttlingen (Landkreis),2070,43486,57982,72478,86973,101468,115964,130460,144955,159450,173946,188442,202937,217432,231928,246424
Tübingen (Landkreis),2030,208378,211880,215383,218886,222389,225892,229394,232897,236400,239902,243405,246908,250411,253914,257416
Tübingen (Landkreis),2040,173496,181982,190468,198954,207440,215926,224411,232897,241383,249868,258354,266840,275326,283812,292298
Tübingen (Landkreis),2050,138785,152230,165674,179119,192564,206008,219452,232897,246342,259786,273230,286675,300120,313564,327009
Tübingen (Landkreis),2060,104244,122623,141001,159381,177760,196139,214518,232897,251276,269655,288034,306413,324793,343171,361550
Tübingen (Landkreis),2070,69869,93159,116448,139738,163028,186318,209607,232897,256187,279476,302766,326056,349346,372635,395925
Ulm (kreisfreie Stadt),2030,115417,117357,119297,121238,123178,125118,127058,128998,130938,132878,134818,136758,138699,140639,142579
Ulm (kreisfreie Stadt),2040,96097,100797,105497,110197,114898,119598,124298,128998,133698,138398,143098,147799,152499,157199,161899
Ulm (kreisfreie Stadt),2050,76871,84318,91765,99211,106658,114104,121551,128998,136445,143892,151338,158785,166231,173678,181125
Ulm (kreisfreie Stadt),2060,57739,67919,78099,88279,98459,108638,118818,128998,139178,149358,159537,169717,179897,190077,200257
Ulm (kreisfreie Stadt),2070,38699,51599,64499,77399,90299,103198,116098,128998,141898,154798,167697,180597,193497,206397,219297
Waldshut (Landkreis),2030,153692,156276,158859,161443,164026,166610,169193,171777,174361,176944,179528,182111,184695,187278,189862
Waldshut (Landkreis),2040,127965,134224,140483,146742,153000,159259,165518,171777,178036,184295,190554,196812,203071,209330,215589
Waldshut (Landkreis),2050,102364,112280,122196,132112,142028,151945,161861,171777,181693,191609,201526,211442,221358,231274,241190
Waldshut (Landkreis),2060,76887,90443,103998,117554,131110,144666,158221,171777,185333,198888,212444,226000,239556,253111,266667
Waldshut (Landkreis),2070,51533,68711,85888,103066,120244,137422,154599,171777,188955,206132,223310,240488,257666,274843,292021
Zollernalbkreis (Landkreis),2030,172984,175892,178800,181708,184616,187523,190431,193339,196247,199155,202062,204970,207878,210786,213694
Zollernalbkreis (Landkreis),2040,144028,151072,158117,165161,172205,179250,186294,193339,200384,207428,214473,221517,228561,235606,242650
Zollernalbkreis (Landkreis),2050,115213,126374,137535,148695,159856,171017,182178,193339,204500,215661,226822,237983,249143,260304,271465
Zollernalbkreis (Landkreis),2060,86538,101795,117053,132309,147567,162824,178082,193339,208596,223854,239111,254369,269625,284883,300140
Zollernalbkreis (Landkreis),2070,58002,77336,96670,116003,135337,154671,174005,193339,212673,232007,251341,270675,290008,309342,328676
